,score_2,reward_2,td_err_2,score_131,reward_131,td_err_131,score_1729,reward_1729,td_err_1729
0,200,-200.0,0.9913397967485794,200,-200.0,0.9913397967485794,200,-200.0,0.9913397967485794
1,200,-200.0,0.9913397967485794,200,-200.0,0.9913397967485794,200,-200.0,0.9913397967485794
2,200,-200.0,0.9913397967485794,200,-200.0,0.9913397967485794,200,-200.0,0.9913397967485794
3,200,-200.0,0.9913397967485794,200,-200.0,0.9913397967485794,200,-200.0,0.9913397967485794
4,200,-200.0,0.9913397967485794,200,-200.0,0.9913397967485794,200,-200.0,0.9913397967485794
5,200,-200.0,0.9913397967485794,200,-200.0,0.9913397967485794,200,-200.0,0.9913397967485794
6,200,-200.0,0.9913397967485794,200,-200.0,0.9913397967485794,200,-200.0,0.9913397967485794
7,200,-200.0,0.9913397967485794,200,-200.0,0.9913397967485794,200,-200.0,0.9913397967485794
8,200,-200.0,0.9913397967485794,200,-200.0,0.9913397967485794,200,-200.0,0.9913397967485794
9,200,-200.0,0.9913397967485794,200,-200.0,0.9913397967485794,200,-200.0,0.9913397967485794
10,200,-200.0,0.9913397967485794,200,-200.0,0.9913397967485794,200,-200.0,0.9913397967485794
11,200,-200.0,0.9913397967485794,200,-200.0,0.9913397967485794,200,-200.0,0.9913397967485794
12,200,-200.0,0.9913397967485794,200,-200.0,0.9913397967485794,200,-200.0,0.9913397967485794
13,200,-200.0,0.9913397967485794,200,-200.0,0.9913397967485794,200,-200.0,0.9913397967485794
14,200,-200.0,0.9913397967485794,200,-200.0,0.9913397967485794,200,-200.0,0.9913397967485794
15,200,-200.0,0.9913397967485794,200,-200.0,0.9913397967485794,200,-200.0,0.9913397967485794
16,200,-200.0,0.9913397967485794,200,-200.0,0.9913397967485794,200,-200.0,0.9913397967485794
17,200,-200.0,0.9913397967485794,200,-200.0,0.9913397967485794,200,-200.0,0.9913397967485794
18,200,-200.0,0.9913397967485794,200,-200.0,0.9913397967485794,200,-200.0,0.9913397967485794
19,200,-200.0,0.9913397967485794,200,-200.0,0.9913397967485794,200,-200.0,0.9913397967485794
20,200,-200.0,0.9913397967485794,200,-200.0,0.9913397967485794,200,-200.0,0.9913397967485794
21,200,-200.0,0.9913397967485794,200,-200.0,0.9913397967485794,200,-200.0,0.9913397967485794
22,200,-200.0,0.9913397967485794,200,-200.0,0.9913397967485794,200,-200.0,0.9913397967485794
23,200,-200.0,0.9913397967485794,200,-200.0,0.9913397967485794,200,-200.0,0.9913397967485794
24,200,-200.0,0.9913397967485794,200,-200.0,0.9913397967485794,200,-200.0,0.9913397967485794
25,200,-200.0,0.9913397967485794,200,-200.0,0.9913397967485794,200,-200.0,0.9913397967485794
26,200,-200.0,0.9913397967485794,200,-200.0,0.9913397967485794,200,-200.0,0.9913397967485794
27,200,-200.0,0.9913397967485794,200,-200.0,0.9913397967485794,200,-200.0,0.9913397967485794
28,200,-200.0,0.9913397967485794,200,-200.0,0.9913397967485794,200,-200.0,0.9913397967485794
29,200,-200.0,0.9913397967485794,200,-200.0,0.9913397967485794,200,-200.0,0.9913397967485794
30,200,-200.0,0.9913397967485794,200,-200.0,0.9913397967485794,200,-200.0,0.9913397967485794
31,200,-200.0,0.9913397967485794,200,-200.0,0.9913397967485794,200,-200.0,0.9913397967485794
32,200,-200.0,0.9913397967485794,200,-200.0,0.9913397967485794,200,-200.0,0.9913397967485794
33,200,-200.0,0.9913397967485794,200,-200.0,0.9913397967485794,200,-200.0,0.9913397967485794
34,200,-200.0,0.9913397967485794,200,-200.0,0.9913397967485794,200,-200.0,0.9913397967485794
35,200,-200.0,0.9913397967485794,200,-200.0,0.9913397967485794,200,-200.0,0.9913397967485794
36,200,-200.0,0.9913397967485794,200,-200.0,0.9913397967485794,200,-200.0,0.9913397967485794
37,200,-200.0,0.9913397967485794,200,-200.0,0.9913397967485794,200,-200.0,0.9913397967485794
38,200,-200.0,0.9913397967485794,200,-200.0,0.9913397967485794,200,-200.0,0.9913397967485794
39,200,-200.0,0.9913397967485794,200,-200.0,0.9913397967485794,200,-200.0,0.9913397967485794
40,200,-200.0,0.9913397967485794,200,-200.0,0.9913397967485794,200,-200.0,0.9913397967485794
41,200,-200.0,0.9913397967485794,200,-200.0,0.9913397967485794,200,-200.0,0.9913397967485794
42,200,-200.0,0.9913397967485794,200,-200.0,0.9913397967485794,200,-200.0,0.9913397967485794
43,200,-200.0,0.9913397967485794,200,-200.0,0.9913397967485794,200,-200.0,0.9913397967485794
44,200,-200.0,0.9913397967485794,200,-200.0,0.9913397967485794,200,-200.0,0.9913397967485794
45,200,-200.0,0.9913397967485794,200,-200.0,0.9913397967485794,200,-200.0,0.9913397967485794
46,200,-200.0,0.9913397967485794,200,-200.0,0.9913397967485794,200,-200.0,0.9913397967485794
47,200,-200.0,0.9913397967485794,200,-200.0,0.9913397967485794,200,-200.0,0.9913397967485794
48,200,-200.0,0.9913397967485794,200,-200.0,0.9913397967485794,200,-200.0,0.9913397967485794
49,200,-200.0,0.9913397967485794,200,-200.0,0.9913397967485794,200,-200.0,0.9913397967485794
50,200,-200.0,0.9913397967485794,200,-200.0,0.9913397967485794,200,-200.0,0.9913397967485794
51,200,-200.0,0.9913397967485794,200,-200.0,0.9913397967485794,200,-200.0,0.9913397967485794
52,200,-200.0,0.9913397967485794,200,-200.0,0.9913397967485794,200,-200.0,0.9913397967485794
53,200,-200.0,0.9913397967485794,200,-200.0,0.9913397967485794,200,-200.0,0.9913397967485794
54,200,-200.0,0.9913397967485794,200,-200.0,0.9913397967485794,200,-200.0,0.9913397967485794
55,200,-200.0,0.9913397967485794,200,-200.0,0.9913397967485794,200,-200.0,0.9913397967485794
56,200,-200.0,0.9913397967485794,200,-200.0,0.9913397967485794,200,-200.0,0.9913397967485794
57,200,-200.0,0.9913397967485794,200,-200.0,0.9913397967485794,200,-200.0,0.9913397967485794
58,200,-200.0,0.9913397967485794,200,-200.0,0.9913397967485794,200,-200.0,0.9913397967485794
59,200,-200.0,0.9913397967485794,200,-200.0,0.9913397967485794,200,-200.0,0.9913397967485794
60,200,-200.0,0.9913397967485794,200,-200.0,0.9913397967485794,200,-200.0,0.9913397967485794
61,200,-200.0,0.9913397967485794,200,-200.0,0.9913397967485794,200,-200.0,0.9913397967485794
62,200,-200.0,0.9913397967485794,200,-200.0,0.9913397967485794,200,-200.0,0.9913397967485794
63,200,-200.0,0.9913397967485794,200,-200.0,0.9913397967485794,200,-200.0,0.9913397967485794
64,200,-200.0,0.9913397967485794,200,-200.0,0.9913397967485794,200,-200.0,0.9913397967485794
65,200,-200.0,0.9913397967485794,200,-200.0,0.9913397967485794,200,-200.0,0.9913397967485794
66,200,-200.0,0.9913397967485794,200,-200.0,0.9913397967485794,200,-200.0,0.9913397967485794
67,200,-200.0,0.9913397967485794,200,-200.0,0.9913397967485794,200,-200.0,0.9913397967485794
68,200,-200.0,0.9913397967485794,200,-200.0,0.9913397967485794,200,-200.0,0.9913397967485794
69,200,-200.0,0.9913397967485794,200,-200.0,0.9913397967485794,200,-200.0,0.9913397967485794
70,200,-200.0,0.9913397967485794,200,-200.0,0.9913397967485794,200,-200.0,0.9913397967485794
71,200,-200.0,0.9913397967485794,200,-200.0,0.9913397967485794,200,-200.0,0.9913397967485794
72,200,-200.0,0.9913397967485794,200,-200.0,0.9913397967485794,200,-200.0,0.9913397967485794
73,200,-200.0,0.9913397967485794,200,-200.0,0.9913397967485794,200,-200.0,0.9913397967485794
74,200,-200.0,0.9913397967485794,200,-200.0,0.9913397967485794,200,-200.0,0.9913397967485794
75,200,-200.0,0.9913397967485794,200,-200.0,0.9913397967485794,200,-200.0,0.9913397967485794
76,200,-200.0,0.9913397967485794,200,-200.0,0.9913397967485794,200,-200.0,0.9913397967485794
77,200,-200.0,0.9913397967485794,200,-200.0,0.9913397967485794,200,-200.0,0.9913397967485794
78,200,-200.0,0.9913397967485794,200,-200.0,0.9913397967485794,200,-200.0,0.9913397967485794
79,200,-200.0,0.9913397967485794,200,-200.0,0.9913397967485794,200,-200.0,0.9913397967485794
80,200,-200.0,0.9913397967485794,200,-200.0,0.9913397967485794,200,-200.0,0.9913397967485794
81,200,-200.0,0.9913397967485794,200,-200.0,0.9913397967485794,200,-200.0,0.9913397967485794
82,200,-200.0,0.9913397967485794,200,-200.0,0.9913397967485794,200,-200.0,0.9913397967485794
83,200,-200.0,0.9913397967485794,200,-200.0,0.9913397967485794,200,-200.0,0.9913397967485794
84,200,-200.0,0.9913397967485794,200,-200.0,0.9913397967485794,200,-200.0,0.9913397967485794
85,200,-200.0,0.9913397967485794,200,-200.0,0.9913397967485794,200,-200.0,0.9913397967485794
86,200,-200.0,0.9913397967485794,200,-200.0,0.9913397967485794,200,-200.0,0.9913397967485794
87,200,-200.0,0.9913397967485794,200,-200.0,0.9913397967485794,200,-200.0,0.9913397967485794
88,200,-200.0,0.9913397967485794,200,-200.0,0.9913397967485794,200,-200.0,0.9913397967485794
89,200,-200.0,0.9913397967485794,200,-200.0,0.9913397967485794,200,-200.0,0.9913397967485794
90,200,-200.0,0.9913397967485794,200,-200.0,0.9913397967485794,200,-200.0,0.9913397967485794
91,200,-200.0,0.9913397967485794,200,-200.0,0.9913397967485794,200,-200.0,0.9913397967485794
92,200,-200.0,0.9913397967485794,200,-200.0,0.9913397967485794,200,-200.0,0.9913397967485794
93,200,-200.0,0.9913397967485794,200,-200.0,0.9913397967485794,200,-200.0,0.9913397967485794
94,200,-200.0,0.9913397967485794,200,-200.0,0.9913397967485794,200,-200.0,0.9913397967485794
95,200,-200.0,0.9913397967485794,200,-200.0,0.9913397967485794,200,-200.0,0.9913397967485794
96,200,-200.0,0.9913397967485794,200,-200.0,0.9913397967485794,200,-200.0,0.9913397967485794
97,200,-200.0,0.9913397967485794,200,-200.0,0.9913397967485794,200,-200.0,0.9913397967485794
98,200,-200.0,0.9913397967485794,200,-200.0,0.9913397967485794,200,-200.0,0.9913397967485794
99,200,-200.0,0.9913397967485794,200,-200.0,0.9913397967485794,200,-200.0,0.9913397967485794
100,200,-200.0,0.9913397967485794,200,-200.0,0.9913397967485794,200,-200.0,0.9913397967485794
101,200,-200.0,0.9913397967485794,200,-200.0,0.9913397967485794,200,-200.0,0.9913397967485794
102,200,-200.0,0.9913397967485794,200,-200.0,0.9913397967485794,200,-200.0,0.9913397967485794
103,200,-200.0,0.9913397967485794,200,-200.0,0.9913397967485794,200,-200.0,0.9913397967485794
104,200,-200.0,0.9913397967485794,200,-200.0,0.9913397967485794,200,-200.0,0.9913397967485794
105,200,-200.0,0.9913397967485794,200,-200.0,0.9913397967485794,200,-200.0,0.9913397967485794
106,200,-200.0,0.9913397967485794,200,-200.0,0.9913397967485794,200,-200.0,0.9913397967485794
107,200,-200.0,0.9913397967485794,200,-200.0,0.9913397967485794,200,-200.0,0.9913397967485794
108,200,-200.0,0.9913397967485794,200,-200.0,0.9913397967485794,200,-200.0,0.9913397967485794
109,200,-200.0,0.9913397967485794,200,-200.0,0.9913397967485794,200,-200.0,0.9913397967485794
110,200,-200.0,0.9913397967485794,200,-200.0,0.9913397967485794,200,-200.0,0.9913397967485794
111,200,-200.0,0.9913397967485794,200,-200.0,0.9913397967485794,200,-200.0,0.9913397967485794
112,200,-200.0,0.9913397967485794,200,-200.0,0.9913397967485794,200,-200.0,0.9913397967485794
113,200,-200.0,0.9913397967485794,200,-200.0,0.9913397967485794,200,-200.0,0.9913397967485794
114,200,-200.0,0.9913397967485794,200,-200.0,0.9913397967485794,200,-200.0,0.9913397967485794
115,200,-200.0,0.9913397967485794,200,-200.0,0.9913397967485794,200,-200.0,0.9913397967485794
116,200,-200.0,0.9913397967485794,200,-200.0,0.9913397967485794,200,-200.0,0.9913397967485794
117,200,-200.0,0.9913397967485794,200,-200.0,0.9913397967485794,200,-200.0,0.9913397967485794
118,200,-200.0,0.9913397967485794,200,-200.0,0.9913397967485794,200,-200.0,0.9913397967485794
119,200,-200.0,0.9913397967485794,200,-200.0,0.9913397967485794,200,-200.0,0.9913397967485794
120,200,-200.0,0.9913397967485794,200,-200.0,0.9913397967485794,200,-200.0,0.9913397967485794
121,200,-200.0,0.9913397967485794,200,-200.0,0.9913397967485794,200,-200.0,0.9913397967485794
122,200,-200.0,0.9913397967485794,200,-200.0,0.9913397967485794,200,-200.0,0.9913397967485794
123,200,-200.0,0.9913397967485794,200,-200.0,0.9913397967485794,200,-200.0,0.9913397967485794
124,200,-200.0,0.9913397967485794,200,-200.0,0.9913397967485794,200,-200.0,0.9913397967485794
125,200,-200.0,0.9913397967485794,200,-200.0,0.9913397967485794,200,-200.0,0.9913397967485794
126,200,-200.0,0.9913397967485794,200,-200.0,0.9913397967485794,200,-200.0,0.9913397967485794
127,200,-200.0,0.9913397967485794,200,-200.0,0.9913397967485794,200,-200.0,0.9913397967485794
128,200,-200.0,0.9913397967485794,200,-200.0,0.9913397967485794,200,-200.0,0.9913397967485794
129,200,-200.0,0.9913397967485794,200,-200.0,0.9913397967485794,200,-200.0,0.9913397967485794
130,200,-200.0,0.9913397967485794,200,-200.0,0.9913397967485794,200,-200.0,0.9913397967485794
131,200,-200.0,0.9913397967485794,200,-200.0,0.9913397967485794,200,-200.0,0.9913397967485794
132,200,-200.0,0.9913397967485794,200,-200.0,0.9913397967485794,200,-200.0,0.9913397967485794
133,200,-200.0,0.9913397967485794,200,-200.0,0.9913397967485794,200,-200.0,0.9913397967485794
134,200,-200.0,0.9913397967485794,200,-200.0,0.9913397967485794,200,-200.0,0.9913397967485794
135,200,-200.0,0.9913397967485794,200,-200.0,0.9913397967485794,200,-200.0,0.9913397967485794
136,200,-200.0,0.9913397967485794,200,-200.0,0.9913397967485794,200,-200.0,0.9913397967485794
137,200,-200.0,0.9913397967485794,200,-200.0,0.9913397967485794,200,-200.0,0.9913397967485794
138,200,-200.0,0.9913397967485794,200,-200.0,0.9913397967485794,200,-200.0,0.9913397967485794
139,200,-200.0,0.9913397967485794,200,-200.0,0.9913397967485794,200,-200.0,0.9913397967485794
140,200,-200.0,0.9913397967485794,200,-200.0,0.9913397967485794,200,-200.0,0.9913397967485794
141,200,-200.0,0.9913397967485794,200,-200.0,0.9913397967485794,200,-200.0,0.9913397967485794
142,200,-200.0,0.9913397967485794,200,-200.0,0.9913397967485794,200,-200.0,0.9913397967485794
143,200,-200.0,0.9913397967485794,200,-200.0,0.9913397967485794,200,-200.0,0.9913397967485794
144,200,-200.0,0.9913397967485794,200,-200.0,0.9913397967485794,200,-200.0,0.9913397967485794
145,200,-200.0,0.9913397967485794,200,-200.0,0.9913397967485794,200,-200.0,0.9913397967485794
146,200,-200.0,0.9913397967485794,200,-200.0,0.9913397967485794,200,-200.0,0.9913397967485794
147,200,-200.0,0.9913397967485794,200,-200.0,0.9913397967485794,200,-200.0,0.9913397967485794
148,200,-200.0,0.9913397967485794,200,-200.0,0.9913397967485794,200,-200.0,0.9913397967485794
149,200,-200.0,0.9913397967485794,200,-200.0,0.9913397967485794,200,-200.0,0.9913397967485794
150,200,-200.0,0.9913397967485794,200,-200.0,0.9913397967485794,200,-200.0,0.9913397967485794
151,200,-200.0,0.9913397967485794,200,-200.0,0.9913397967485794,200,-200.0,0.9913397967485794
152,200,-200.0,0.9913397967485794,200,-200.0,0.9913397967485794,200,-200.0,0.9913397967485794
153,200,-200.0,0.9913397967485794,200,-200.0,0.9913397967485794,200,-200.0,0.9913397967485794
154,200,-200.0,0.9913397967485794,200,-200.0,0.9913397967485794,200,-200.0,0.9913397967485794
155,200,-200.0,0.9913397967485794,200,-200.0,0.9913397967485794,200,-200.0,0.9913397967485794
156,200,-200.0,0.9913397967485794,200,-200.0,0.9913397967485794,200,-200.0,0.9913397967485794
157,200,-200.0,0.9913397967485794,200,-200.0,0.9913397967485794,200,-200.0,0.9913397967485794
158,200,-200.0,0.9913397967485794,200,-200.0,0.9913397967485794,200,-200.0,0.9913397967485794
159,200,-200.0,0.9913397967485794,200,-200.0,0.9913397967485794,200,-200.0,0.9913397967485794
160,200,-200.0,0.9913397967485794,200,-200.0,0.9913397967485794,200,-200.0,0.9913397967485794
161,200,-200.0,0.9913397967485794,200,-200.0,0.9913397967485794,200,-200.0,0.9913397967485794
162,200,-200.0,0.9913397967485794,200,-200.0,0.9913397967485794,200,-200.0,0.9913397967485794
163,200,-200.0,0.9913397967485794,200,-200.0,0.9913397967485794,200,-200.0,0.9913397967485794
164,200,-200.0,0.9913397967485794,200,-200.0,0.9913397967485794,200,-200.0,0.9913397967485794
165,200,-200.0,0.9913397967485794,200,-200.0,0.9913397967485794,200,-200.0,0.9913397967485794
166,200,-200.0,0.9913397967485794,200,-200.0,0.9913397967485794,200,-200.0,0.9913397967485794
167,200,-200.0,0.9913397967485794,200,-200.0,0.9913397967485794,200,-200.0,0.9913397967485794
168,200,-200.0,0.9913397967485794,200,-200.0,0.9913397967485794,200,-200.0,0.9913397967485794
169,200,-200.0,0.9913397967485794,200,-200.0,0.9913397967485794,200,-200.0,0.9913397967485794
170,200,-200.0,0.9913397967485794,200,-200.0,0.9913397967485794,200,-200.0,0.9913397967485794
171,200,-200.0,0.9913397967485794,200,-200.0,0.9913397967485794,200,-200.0,0.9913397967485794
172,200,-200.0,0.9913397967485794,200,-200.0,0.9913397967485794,200,-200.0,0.9913397967485794
173,200,-200.0,0.9913397967485794,200,-200.0,0.9913397967485794,200,-200.0,0.9913397967485794
174,200,-200.0,0.9913397967485794,200,-200.0,0.9913397967485794,200,-200.0,0.9913397967485794
175,200,-200.0,0.9913397967485794,200,-200.0,0.9913397967485794,200,-200.0,0.9913397967485794
176,200,-200.0,0.9913397967485794,200,-200.0,0.9913397967485794,200,-200.0,0.9913397967485794
177,200,-200.0,0.9913397967485794,200,-200.0,0.9913397967485794,200,-200.0,0.9913397967485794
178,200,-200.0,0.9913397967485794,200,-200.0,0.9913397967485794,200,-200.0,0.9913397967485794
179,200,-200.0,0.9913397967485794,200,-200.0,0.9913397967485794,200,-200.0,0.9913397967485794
180,200,-200.0,0.9913397967485794,200,-200.0,0.9913397967485794,200,-200.0,0.9913397967485794
181,200,-200.0,0.9913397967485794,200,-200.0,0.9913397967485794,200,-200.0,0.9913397967485794
182,200,-200.0,0.9913397967485794,200,-200.0,0.9913397967485794,200,-200.0,0.9913397967485794
183,200,-200.0,0.9913397967485794,200,-200.0,0.9913397967485794,200,-200.0,0.9913397967485794
184,200,-200.0,0.9913397967485794,200,-200.0,0.9913397967485794,200,-200.0,0.9913397967485794
185,200,-200.0,0.9913397967485794,200,-200.0,0.9913397967485794,200,-200.0,0.9913397967485794
186,200,-200.0,0.9913397967485794,200,-200.0,0.9913397967485794,200,-200.0,0.9913397967485794
187,200,-200.0,0.9913397967485794,200,-200.0,0.9913397967485794,200,-200.0,0.9913397967485794
188,200,-200.0,0.9913397967485794,200,-200.0,0.9913397967485794,200,-200.0,0.9913397967485794
189,200,-200.0,0.9913397967485794,200,-200.0,0.9913397967485794,200,-200.0,0.9913397967485794
190,200,-200.0,0.9913397967485794,200,-200.0,0.9913397967485794,200,-200.0,0.9913397967485794
191,200,-200.0,0.9913397967485794,200,-200.0,0.9913397967485794,200,-200.0,0.9913397967485794
192,200,-200.0,0.9913397967485794,200,-200.0,0.9913397967485794,200,-200.0,0.9913397967485794
193,200,-200.0,0.9913397967485794,200,-200.0,0.9913397967485794,200,-200.0,0.9913397967485794
194,200,-200.0,0.9913397967485794,200,-200.0,0.9913397967485794,200,-200.0,0.9913397967485794
195,200,-200.0,0.9913397967485794,200,-200.0,0.9913397967485794,200,-200.0,0.9913397967485794
196,200,-200.0,0.9913397967485794,200,-200.0,0.9913397967485794,200,-200.0,0.9913397967485794
197,200,-200.0,0.9913397967485794,200,-200.0,0.9913397967485794,200,-200.0,0.9913397967485794
198,200,-200.0,0.9913397967485794,200,-200.0,0.9913397967485794,200,-200.0,0.9913397967485794
199,200,-200.0,0.9913397967485794,200,-200.0,0.9913397967485794,200,-200.0,0.9913397967485794
200,200,-200.0,0.9913397967485794,200,-200.0,0.9913397967485794,200,-200.0,0.9913397967485794
201,200,-200.0,0.9913397967485794,200,-200.0,0.9913397967485794,200,-200.0,0.9913397967485794
202,200,-200.0,0.9913397967485794,200,-200.0,0.9913397967485794,200,-200.0,0.9913397967485794
203,200,-200.0,0.9913397967485794,200,-200.0,0.9913397967485794,200,-200.0,0.9913397967485794
204,200,-200.0,0.9913397967485794,200,-200.0,0.9913397967485794,200,-200.0,0.9913397967485794
205,200,-200.0,0.9913397967485794,200,-200.0,0.9913397967485794,200,-200.0,0.9913397967485794
206,200,-200.0,0.9913397967485794,200,-200.0,0.9913397967485794,200,-200.0,0.9913397967485794
207,200,-200.0,0.9913397967485794,200,-200.0,0.9913397967485794,200,-200.0,0.9913397967485794
208,200,-200.0,0.9913397967485794,200,-200.0,0.9913397967485794,200,-200.0,0.9913397967485794
209,200,-200.0,0.9913397967485794,200,-200.0,0.9913397967485794,200,-200.0,0.9913397967485794
210,200,-200.0,0.9913397967485794,200,-200.0,0.9913397967485794,200,-200.0,0.9913397967485794
211,200,-200.0,0.9913397967485794,200,-200.0,0.9913397967485794,200,-200.0,0.9913397967485794
212,200,-200.0,0.9913397967485794,200,-200.0,0.9913397967485794,200,-200.0,0.9913397967485794
213,200,-200.0,0.9913397967485794,200,-200.0,0.9913397967485794,200,-200.0,0.9913397967485794
214,200,-200.0,0.9913397967485794,200,-200.0,0.9913397967485794,200,-200.0,0.9913397967485794
215,200,-200.0,0.9913397967485794,200,-200.0,0.9913397967485794,200,-200.0,0.9913397967485794
216,200,-200.0,0.9913397967485794,200,-200.0,0.9913397967485794,200,-200.0,0.9913397967485794
217,200,-200.0,0.9913397967485794,200,-200.0,0.9913397967485794,200,-200.0,0.9913397967485794
218,200,-200.0,0.9913397967485794,200,-200.0,0.9913397967485794,200,-200.0,0.9913397967485794
219,200,-200.0,0.9913397967485794,200,-200.0,0.9913397967485794,200,-200.0,0.9913397967485794
220,200,-200.0,0.9913397967485794,200,-200.0,0.9913397967485794,200,-200.0,0.9913397967485794
221,200,-200.0,0.9913397967485794,200,-200.0,0.9913397967485794,200,-200.0,0.9913397967485794
222,200,-200.0,0.9913397967485794,200,-200.0,0.9913397967485794,200,-200.0,0.9913397967485794
223,200,-200.0,0.9913397967485794,200,-200.0,0.9913397967485794,200,-200.0,0.9913397967485794
224,200,-200.0,0.9913397967485794,200,-200.0,0.9913397967485794,200,-200.0,0.9913397967485794
225,200,-200.0,0.9913397967485794,200,-200.0,0.9913397967485794,200,-200.0,0.9913397967485794
226,200,-200.0,0.9913397967485794,200,-200.0,0.9913397967485794,200,-200.0,0.9913397967485794
227,200,-200.0,0.9913397967485794,200,-200.0,0.9913397967485794,200,-200.0,0.9913397967485794
228,200,-200.0,0.9913397967485794,200,-200.0,0.9913397967485794,200,-200.0,0.9913397967485794
229,200,-200.0,0.9913397967485794,200,-200.0,0.9913397967485794,200,-200.0,0.9913397967485794
230,200,-200.0,0.9913397967485794,200,-200.0,0.9913397967485794,200,-200.0,0.9913397967485794
231,200,-200.0,0.9913397967485794,200,-200.0,0.9913397967485794,200,-200.0,0.9913397967485794
232,200,-200.0,0.9913397967485794,200,-200.0,0.9913397967485794,200,-200.0,0.9913397967485794
233,200,-200.0,0.9913397967485794,200,-200.0,0.9913397967485794,200,-200.0,0.9913397967485794
234,200,-200.0,0.9913397967485794,200,-200.0,0.9913397967485794,200,-200.0,0.9913397967485794
235,200,-200.0,0.9913397967485794,200,-200.0,0.9913397967485794,200,-200.0,0.9913397967485794
236,200,-200.0,0.9913397967485794,200,-200.0,0.9913397967485794,200,-200.0,0.9913397967485794
237,200,-200.0,0.9913397967485794,200,-200.0,0.9913397967485794,200,-200.0,0.9913397967485794
238,200,-200.0,0.9913397967485794,200,-200.0,0.9913397967485794,200,-200.0,0.9913397967485794
239,200,-200.0,0.9913397967485794,200,-200.0,0.9913397967485794,200,-200.0,0.9913397967485794
240,200,-200.0,0.9913397967485794,200,-200.0,0.9913397967485794,200,-200.0,0.9913397967485794
241,200,-200.0,0.9913397967485794,200,-200.0,0.9913397967485794,200,-200.0,0.9913397967485794
242,200,-200.0,0.9913397967485794,200,-200.0,0.9913397967485794,200,-200.0,0.9913397967485794
243,200,-200.0,0.9913397967485794,200,-200.0,0.9913397967485794,200,-200.0,0.9913397967485794
244,200,-200.0,0.9913397967485794,200,-200.0,0.9913397967485794,200,-200.0,0.9913397967485794
245,200,-200.0,0.9913397967485794,200,-200.0,0.9913397967485794,200,-200.0,0.9913397967485794
246,200,-200.0,0.9913397967485794,200,-200.0,0.9913397967485794,200,-200.0,0.9913397967485794
247,200,-200.0,0.9913397967485794,200,-200.0,0.9913397967485794,200,-200.0,0.9913397967485794
248,200,-200.0,0.9913397967485794,200,-200.0,0.9913397967485794,200,-200.0,0.9913397967485794
249,200,-200.0,0.9913397967485794,200,-200.0,0.9913397967485794,200,-200.0,0.9913397967485794
250,200,-200.0,0.9913397967485794,200,-200.0,0.9913397967485794,200,-200.0,0.9913397967485794
251,200,-200.0,0.9913397967485794,200,-200.0,0.9913397967485794,200,-200.0,0.9913397967485794
252,200,-200.0,0.9913397967485794,200,-200.0,0.9913397967485794,200,-200.0,0.9913397967485794
253,200,-200.0,0.9913397967485794,200,-200.0,0.9913397967485794,200,-200.0,0.9913397967485794
254,200,-200.0,0.9913397967485794,200,-200.0,0.9913397967485794,200,-200.0,0.9913397967485794
255,200,-200.0,0.9913397967485794,200,-200.0,0.9913397967485794,200,-200.0,0.9913397967485794
256,200,-200.0,0.9913397967485794,200,-200.0,0.9913397967485794,200,-200.0,0.9913397967485794
257,200,-200.0,0.9913397967485794,200,-200.0,0.9913397967485794,200,-200.0,0.9913397967485794
258,200,-200.0,0.9913397967485794,200,-200.0,0.9913397967485794,200,-200.0,0.9913397967485794
259,200,-200.0,0.9913397967485794,200,-200.0,0.9913397967485794,200,-200.0,0.9913397967485794
260,200,-200.0,0.9913397967485794,200,-200.0,0.9913397967485794,200,-200.0,0.9913397967485794
261,200,-200.0,0.9913397967485794,200,-200.0,0.9913397967485794,200,-200.0,0.9913397967485794
262,200,-200.0,0.9913397967485794,200,-200.0,0.9913397967485794,200,-200.0,0.9913397967485794
263,200,-200.0,0.9913397967485794,200,-200.0,0.9913397967485794,200,-200.0,0.9913397967485794
264,200,-200.0,0.9913397967485794,200,-200.0,0.9913397967485794,200,-200.0,0.9913397967485794
265,200,-200.0,0.9913397967485794,200,-200.0,0.9913397967485794,200,-200.0,0.9913397967485794
266,200,-200.0,0.9913397967485794,200,-200.0,0.9913397967485794,200,-200.0,0.9913397967485794
267,200,-200.0,0.9913397967485794,200,-200.0,0.9913397967485794,200,-200.0,0.9913397967485794
268,200,-200.0,0.9913397967485794,200,-200.0,0.9913397967485794,200,-200.0,0.9913397967485794
269,200,-200.0,0.9913397967485794,200,-200.0,0.9913397967485794,200,-200.0,0.9913397967485794
270,200,-200.0,0.9913397967485794,200,-200.0,0.9913397967485794,200,-200.0,0.9913397967485794
271,200,-200.0,0.9913397967485794,200,-200.0,0.9913397967485794,200,-200.0,0.9913397967485794
272,200,-200.0,0.9913397967485794,200,-200.0,0.9913397967485794,200,-200.0,0.9913397967485794
273,200,-200.0,0.9913397967485794,200,-200.0,0.9913397967485794,200,-200.0,0.9913397967485794
274,200,-200.0,0.9913397967485794,200,-200.0,0.9913397967485794,200,-200.0,0.9913397967485794
275,200,-200.0,0.9913397967485794,200,-200.0,0.9913397967485794,200,-200.0,0.9913397967485794
276,200,-200.0,0.9913397967485794,200,-200.0,0.9913397967485794,200,-200.0,0.9913397967485794
277,200,-200.0,0.9913397967485794,200,-200.0,0.9913397967485794,200,-200.0,0.9913397967485794
278,200,-200.0,0.9913397967485794,200,-200.0,0.9913397967485794,200,-200.0,0.9913397967485794
279,200,-200.0,0.9913397967485794,200,-200.0,0.9913397967485794,200,-200.0,0.9913397967485794
280,200,-200.0,0.9913397967485794,200,-200.0,0.9913397967485794,200,-200.0,0.9913397967485794
281,200,-200.0,0.9913397967485794,200,-200.0,0.9913397967485794,200,-200.0,0.9913397967485794
282,200,-200.0,0.9913397967485794,200,-200.0,0.9913397967485794,200,-200.0,0.9913397967485794
283,200,-200.0,0.9913397967485794,200,-200.0,0.9913397967485794,200,-200.0,0.9913397967485794
284,200,-200.0,0.9913397967485794,200,-200.0,0.9913397967485794,200,-200.0,0.9913397967485794
285,200,-200.0,0.9913397967485794,200,-200.0,0.9913397967485794,200,-200.0,0.9913397967485794
286,200,-200.0,0.9913397967485794,200,-200.0,0.9913397967485794,200,-200.0,0.9913397967485794
287,200,-200.0,0.9913397967485794,200,-200.0,0.9913397967485794,200,-200.0,0.9913397967485794
288,200,-200.0,0.9913397967485794,200,-200.0,0.9913397967485794,200,-200.0,0.9913397967485794
289,200,-200.0,0.9913397967485794,200,-200.0,0.9913397967485794,200,-200.0,0.9913397967485794
290,200,-200.0,0.9913397967485794,200,-200.0,0.9913397967485794,200,-200.0,0.9913397967485794
291,200,-200.0,0.9913397967485794,200,-200.0,0.9913397967485794,200,-200.0,0.9913397967485794
292,200,-200.0,0.9913397967485794,200,-200.0,0.9913397967485794,200,-200.0,0.9913397967485794
293,200,-200.0,0.9913397967485794,200,-200.0,0.9913397967485794,200,-200.0,0.9913397967485794
294,200,-200.0,0.9913397967485794,200,-200.0,0.9913397967485794,200,-200.0,0.9913397967485794
295,200,-200.0,0.9913397967485794,200,-200.0,0.9913397967485794,200,-200.0,0.9913397967485794
296,200,-200.0,0.9913397967485794,200,-200.0,0.9913397967485794,200,-200.0,0.9913397967485794
297,200,-200.0,0.9913397967485794,200,-200.0,0.9913397967485794,200,-200.0,0.9913397967485794
298,200,-200.0,0.9913397967485794,200,-200.0,0.9913397967485794,200,-200.0,0.9913397967485794
299,200,-200.0,0.9913397967485794,200,-200.0,0.9913397967485794,200,-200.0,0.9913397967485794
300,200,-200.0,0.9913397967485794,200,-200.0,0.9913397967485794,200,-200.0,0.9913397967485794
301,200,-200.0,0.9913397967485794,200,-200.0,0.9913397967485794,200,-200.0,0.9913397967485794
302,200,-200.0,0.9913397967485794,200,-200.0,0.9913397967485794,200,-200.0,0.9913397967485794
303,200,-200.0,0.9913397967485794,200,-200.0,0.9913397967485794,200,-200.0,0.9913397967485794
304,200,-200.0,0.9913397967485794,200,-200.0,0.9913397967485794,200,-200.0,0.9913397967485794
305,200,-200.0,0.9913397967485794,200,-200.0,0.9913397967485794,200,-200.0,0.9913397967485794
306,200,-200.0,0.9913397967485794,200,-200.0,0.9913397967485794,200,-200.0,0.9913397967485794
307,200,-200.0,0.9913397967485794,200,-200.0,0.9913397967485794,200,-200.0,0.9913397967485794
308,200,-200.0,0.9913397967485794,200,-200.0,0.9913397967485794,200,-200.0,0.9913397967485794
309,200,-200.0,0.9913397967485794,200,-200.0,0.9913397967485794,200,-200.0,0.9913397967485794
310,200,-200.0,0.9913397967485794,200,-200.0,0.9913397967485794,200,-200.0,0.9913397967485794
311,200,-200.0,0.9913397967485794,200,-200.0,0.9913397967485794,200,-200.0,0.9913397967485794
312,200,-200.0,0.9913397967485794,200,-200.0,0.9913397967485794,200,-200.0,0.9913397967485794
313,200,-200.0,0.9913397967485794,200,-200.0,0.9913397967485794,200,-200.0,0.9913397967485794
314,200,-200.0,0.9913397967485794,200,-200.0,0.9913397967485794,200,-200.0,0.9913397967485794
315,200,-200.0,0.9913397967485794,200,-200.0,0.9913397967485794,200,-200.0,0.9913397967485794
316,200,-200.0,0.9913397967485794,200,-200.0,0.9913397967485794,200,-200.0,0.9913397967485794
317,200,-200.0,0.9913397967485794,200,-200.0,0.9913397967485794,200,-200.0,0.9913397967485794
318,200,-200.0,0.9913397967485794,200,-200.0,0.9913397967485794,200,-200.0,0.9913397967485794
319,200,-200.0,0.9913397967485794,200,-200.0,0.9913397967485794,200,-200.0,0.9913397967485794
320,200,-200.0,0.9913397967485794,200,-200.0,0.9913397967485794,200,-200.0,0.9913397967485794
321,200,-200.0,0.9913397967485794,200,-200.0,0.9913397967485794,200,-200.0,0.9913397967485794
322,200,-200.0,0.9913397967485794,200,-200.0,0.9913397967485794,200,-200.0,0.9913397967485794
323,200,-200.0,0.9913397967485794,200,-200.0,0.9913397967485794,200,-200.0,0.9913397967485794
324,200,-200.0,0.9913397967485794,200,-200.0,0.9913397967485794,200,-200.0,0.9913397967485794
325,200,-200.0,0.9913397967485794,200,-200.0,0.9913397967485794,200,-200.0,0.9913397967485794
326,200,-200.0,0.9913397967485794,200,-200.0,0.9913397967485794,200,-200.0,0.9913397967485794
327,200,-200.0,0.9913397967485794,200,-200.0,0.9913397967485794,200,-200.0,0.9913397967485794
328,200,-200.0,0.9913397967485794,200,-200.0,0.9913397967485794,200,-200.0,0.9913397967485794
329,200,-200.0,0.9913397967485794,200,-200.0,0.9913397967485794,200,-200.0,0.9913397967485794
330,200,-200.0,0.9913397967485794,200,-200.0,0.9913397967485794,200,-200.0,0.9913397967485794
331,200,-200.0,0.9913397967485794,200,-200.0,0.9913397967485794,200,-200.0,0.9913397967485794
332,200,-200.0,0.9913397967485794,200,-200.0,0.9913397967485794,200,-200.0,0.9913397967485794
333,200,-200.0,0.9913397967485794,200,-200.0,0.9913397967485794,200,-200.0,0.9913397967485794
334,200,-200.0,0.9913397967485794,200,-200.0,0.9913397967485794,200,-200.0,0.9913397967485794
335,200,-200.0,0.9913397967485794,200,-200.0,0.9913397967485794,200,-200.0,0.9913397967485794
336,200,-200.0,0.9913397967485794,200,-200.0,0.9913397967485794,200,-200.0,0.9913397967485794
337,200,-200.0,0.9913397967485794,200,-200.0,0.9913397967485794,200,-200.0,0.9913397967485794
338,200,-200.0,0.9913397967485794,200,-200.0,0.9913397967485794,200,-200.0,0.9913397967485794
339,200,-200.0,0.9913397967485794,200,-200.0,0.9913397967485794,200,-200.0,0.9913397967485794
340,200,-200.0,0.9913397967485794,200,-200.0,0.9913397967485794,200,-200.0,0.9913397967485794
341,200,-200.0,0.9913397967485794,200,-200.0,0.9913397967485794,200,-200.0,0.9913397967485794
342,200,-200.0,0.9913397967485794,200,-200.0,0.9913397967485794,200,-200.0,0.9913397967485794
343,200,-200.0,0.9913397967485794,200,-200.0,0.9913397967485794,200,-200.0,0.9913397967485794
344,200,-200.0,0.9913397967485794,200,-200.0,0.9913397967485794,200,-200.0,0.9913397967485794
345,200,-200.0,0.9913397967485794,200,-200.0,0.9913397967485794,200,-200.0,0.9913397967485794
346,200,-200.0,0.9913397967485794,200,-200.0,0.9913397967485794,200,-200.0,0.9913397967485794
347,200,-200.0,0.9913397967485794,200,-200.0,0.9913397967485794,200,-200.0,0.9913397967485794
348,200,-200.0,0.9913397967485794,200,-200.0,0.9913397967485794,200,-200.0,0.9913397967485794
349,200,-200.0,0.9913397967485794,200,-200.0,0.9913397967485794,200,-200.0,0.9913397967485794
350,200,-200.0,0.9913397967485794,200,-200.0,0.9913397967485794,200,-200.0,0.9913397967485794
351,200,-200.0,0.9913397967485794,200,-200.0,0.9913397967485794,200,-200.0,0.9913397967485794
352,200,-200.0,0.9913397967485794,200,-200.0,0.9913397967485794,200,-200.0,0.9913397967485794
353,200,-200.0,0.9913397967485794,200,-200.0,0.9913397967485794,200,-200.0,0.9913397967485794
354,200,-200.0,0.9913397967485794,200,-200.0,0.9913397967485794,200,-200.0,0.9913397967485794
355,200,-200.0,0.9913397967485794,200,-200.0,0.9913397967485794,200,-200.0,0.9913397967485794
356,200,-200.0,0.9913397967485794,200,-200.0,0.9913397967485794,200,-200.0,0.9913397967485794
357,200,-200.0,0.9913397967485794,200,-200.0,0.9913397967485794,200,-200.0,0.9913397967485794
358,200,-200.0,0.9913397967485794,200,-200.0,0.9913397967485794,200,-200.0,0.9913397967485794
359,200,-200.0,0.9913397967485794,200,-200.0,0.9913397967485794,200,-200.0,0.9913397967485794
360,200,-200.0,0.9913397967485794,200,-200.0,0.9913397967485794,200,-200.0,0.9913397967485794
361,200,-200.0,0.9913397967485794,200,-200.0,0.9913397967485794,200,-200.0,0.9913397967485794
362,200,-200.0,0.9913397967485794,200,-200.0,0.9913397967485794,200,-200.0,0.9913397967485794
363,200,-200.0,0.9913397967485794,200,-200.0,0.9913397967485794,200,-200.0,0.9913397967485794
364,200,-200.0,0.9913397967485794,200,-200.0,0.9913397967485794,200,-200.0,0.9913397967485794
365,200,-200.0,0.9913397967485794,200,-200.0,0.9913397967485794,200,-200.0,0.9913397967485794
366,200,-200.0,0.9913397967485794,200,-200.0,0.9913397967485794,200,-200.0,0.9913397967485794
367,200,-200.0,0.9913397967485794,200,-200.0,0.9913397967485794,200,-200.0,0.9913397967485794
368,200,-200.0,0.9913397967485794,200,-200.0,0.9913397967485794,200,-200.0,0.9913397967485794
369,200,-200.0,0.9913397967485794,200,-200.0,0.9913397967485794,200,-200.0,0.9913397967485794
370,200,-200.0,0.9913397967485794,200,-200.0,0.9913397967485794,200,-200.0,0.9913397967485794
371,200,-200.0,0.9913397967485794,200,-200.0,0.9913397967485794,200,-200.0,0.9913397967485794
372,200,-200.0,0.9913397967485794,200,-200.0,0.9913397967485794,200,-200.0,0.9913397967485794
373,200,-200.0,0.9913397967485794,200,-200.0,0.9913397967485794,200,-200.0,0.9913397967485794
374,200,-200.0,0.9913397967485794,200,-200.0,0.9913397967485794,200,-200.0,0.9913397967485794
375,200,-200.0,0.9913397967485794,200,-200.0,0.9913397967485794,200,-200.0,0.9913397967485794
376,200,-200.0,0.9913397967485794,200,-200.0,0.9913397967485794,200,-200.0,0.9913397967485794
377,200,-200.0,0.9913397967485794,200,-200.0,0.9913397967485794,200,-200.0,0.9913397967485794
378,200,-200.0,0.9913397967485794,200,-200.0,0.9913397967485794,200,-200.0,0.9913397967485794
379,200,-200.0,0.9913397967485794,200,-200.0,0.9913397967485794,200,-200.0,0.9913397967485794
380,200,-200.0,0.9913397967485794,200,-200.0,0.9913397967485794,200,-200.0,0.9913397967485794
381,200,-200.0,0.9913397967485794,200,-200.0,0.9913397967485794,200,-200.0,0.9913397967485794
382,200,-200.0,0.9913397967485794,200,-200.0,0.9913397967485794,200,-200.0,0.9913397967485794
383,200,-200.0,0.9913397967485794,200,-200.0,0.9913397967485794,200,-200.0,0.9913397967485794
384,200,-200.0,0.9913397967485794,200,-200.0,0.9913397967485794,200,-200.0,0.9913397967485794
385,200,-200.0,0.9913397967485794,200,-200.0,0.9913397967485794,200,-200.0,0.9913397967485794
386,200,-200.0,0.9913397967485794,200,-200.0,0.9913397967485794,200,-200.0,0.9913397967485794
387,200,-200.0,0.9913397967485794,200,-200.0,0.9913397967485794,200,-200.0,0.9913397967485794
388,200,-200.0,0.9913397967485794,200,-200.0,0.9913397967485794,200,-200.0,0.9913397967485794
389,200,-200.0,0.9913397967485794,200,-200.0,0.9913397967485794,200,-200.0,0.9913397967485794
390,200,-200.0,0.9913397967485794,200,-200.0,0.9913397967485794,200,-200.0,0.9913397967485794
391,200,-200.0,0.9913397967485794,200,-200.0,0.9913397967485794,200,-200.0,0.9913397967485794
392,200,-200.0,0.9913397967485794,200,-200.0,0.9913397967485794,200,-200.0,0.9913397967485794
393,200,-200.0,0.9913397967485794,200,-200.0,0.9913397967485794,200,-200.0,0.9913397967485794
394,200,-200.0,0.9913397967485794,200,-200.0,0.9913397967485794,200,-200.0,0.9913397967485794
395,200,-200.0,0.9913397967485794,200,-200.0,0.9913397967485794,200,-200.0,0.9913397967485794
396,200,-200.0,0.9913397967485794,200,-200.0,0.9913397967485794,200,-200.0,0.9913397967485794
397,200,-200.0,0.9913397967485794,200,-200.0,0.9913397967485794,200,-200.0,0.9913397967485794
398,200,-200.0,0.9913397967485794,200,-200.0,0.9913397967485794,200,-200.0,0.9913397967485794
399,200,-200.0,0.9913397967485794,200,-200.0,0.9913397967485794,200,-200.0,0.9913397967485794
400,200,-200.0,0.9913397967485794,200,-200.0,0.9913397967485794,200,-200.0,0.9913397967485794
401,200,-200.0,0.9913397967485794,200,-200.0,0.9913397967485794,200,-200.0,0.9913397967485794
402,200,-200.0,0.9913397967485794,200,-200.0,0.9913397967485794,200,-200.0,0.9913397967485794
403,200,-200.0,0.9913397967485794,200,-200.0,0.9913397967485794,200,-200.0,0.9913397967485794
404,200,-200.0,0.9913397967485794,200,-200.0,0.9913397967485794,200,-200.0,0.9913397967485794
405,200,-200.0,0.9913397967485794,200,-200.0,0.9913397967485794,200,-200.0,0.9913397967485794
406,200,-200.0,0.9913397967485794,200,-200.0,0.9913397967485794,200,-200.0,0.9913397967485794
407,200,-200.0,0.9913397967485794,200,-200.0,0.9913397967485794,200,-200.0,0.9913397967485794
408,200,-200.0,0.9913397967485794,200,-200.0,0.9913397967485794,200,-200.0,0.9913397967485794
409,200,-200.0,0.9913397967485794,200,-200.0,0.9913397967485794,200,-200.0,0.9913397967485794
410,200,-200.0,0.9913397967485794,200,-200.0,0.9913397967485794,200,-200.0,0.9913397967485794
411,200,-200.0,0.9913397967485794,200,-200.0,0.9913397967485794,200,-200.0,0.9913397967485794
412,200,-200.0,0.9913397967485794,200,-200.0,0.9913397967485794,200,-200.0,0.9913397967485794
413,200,-200.0,0.9913397967485794,200,-200.0,0.9913397967485794,200,-200.0,0.9913397967485794
414,200,-200.0,0.9913397967485794,200,-200.0,0.9913397967485794,200,-200.0,0.9913397967485794
415,200,-200.0,0.9913397967485794,200,-200.0,0.9913397967485794,200,-200.0,0.9913397967485794
416,200,-200.0,0.9913397967485794,200,-200.0,0.9913397967485794,200,-200.0,0.9913397967485794
417,200,-200.0,0.9913397967485794,200,-200.0,0.9913397967485794,200,-200.0,0.9913397967485794
418,200,-200.0,0.9913397967485794,200,-200.0,0.9913397967485794,200,-200.0,0.9913397967485794
419,200,-200.0,0.9913397967485794,200,-200.0,0.9913397967485794,200,-200.0,0.9913397967485794
420,200,-200.0,0.9913397967485794,200,-200.0,0.9913397967485794,200,-200.0,0.9913397967485794
421,200,-200.0,0.9913397967485794,200,-200.0,0.9913397967485794,200,-200.0,0.9913397967485794
422,200,-200.0,0.9913397967485794,200,-200.0,0.9913397967485794,200,-200.0,0.9913397967485794
423,200,-200.0,0.9913397967485794,200,-200.0,0.9913397967485794,200,-200.0,0.9913397967485794
424,200,-200.0,0.9913397967485794,200,-200.0,0.9913397967485794,200,-200.0,0.9913397967485794
425,200,-200.0,0.9913397967485794,200,-200.0,0.9913397967485794,200,-200.0,0.9913397967485794
426,200,-200.0,0.9913397967485794,200,-200.0,0.9913397967485794,200,-200.0,0.9913397967485794
427,200,-200.0,0.9913397967485794,200,-200.0,0.9913397967485794,200,-200.0,0.9913397967485794
428,200,-200.0,0.9913397967485794,200,-200.0,0.9913397967485794,200,-200.0,0.9913397967485794
429,200,-200.0,0.9913397967485794,200,-200.0,0.9913397967485794,200,-200.0,0.9913397967485794
430,200,-200.0,0.9913397967485794,200,-200.0,0.9913397967485794,200,-200.0,0.9913397967485794
431,200,-200.0,0.9913397967485794,200,-200.0,0.9913397967485794,200,-200.0,0.9913397967485794
432,200,-200.0,0.9913397967485794,200,-200.0,0.9913397967485794,200,-200.0,0.9913397967485794
433,200,-200.0,0.9913397967485794,200,-200.0,0.9913397967485794,200,-200.0,0.9913397967485794
434,200,-200.0,0.9913397967485794,200,-200.0,0.9913397967485794,200,-200.0,0.9913397967485794
435,200,-200.0,0.9913397967485794,200,-200.0,0.9913397967485794,200,-200.0,0.9913397967485794
436,200,-200.0,0.9913397967485794,200,-200.0,0.9913397967485794,200,-200.0,0.9913397967485794
437,200,-200.0,0.9913397967485794,200,-200.0,0.9913397967485794,200,-200.0,0.9913397967485794
438,200,-200.0,0.9913397967485794,200,-200.0,0.9913397967485794,200,-200.0,0.9913397967485794
439,200,-200.0,0.9913397967485794,200,-200.0,0.9913397967485794,200,-200.0,0.9913397967485794
440,200,-200.0,0.9913397967485794,200,-200.0,0.9913397967485794,200,-200.0,0.9913397967485794
441,200,-200.0,0.9913397967485794,200,-200.0,0.9913397967485794,200,-200.0,0.9913397967485794
442,200,-200.0,0.9913397967485794,200,-200.0,0.9913397967485794,200,-200.0,0.9913397967485794
443,200,-200.0,0.9913397967485794,200,-200.0,0.9913397967485794,200,-200.0,0.9913397967485794
444,200,-200.0,0.9913397967485794,200,-200.0,0.9913397967485794,200,-200.0,0.9913397967485794
445,200,-200.0,0.9913397967485794,200,-200.0,0.9913397967485794,200,-200.0,0.9913397967485794
446,200,-200.0,0.9913397967485794,200,-200.0,0.9913397967485794,200,-200.0,0.9913397967485794
447,200,-200.0,0.9913397967485794,200,-200.0,0.9913397967485794,200,-200.0,0.9913397967485794
448,200,-200.0,0.9913397967485794,200,-200.0,0.9913397967485794,200,-200.0,0.9913397967485794
449,200,-200.0,0.9913397967485794,200,-200.0,0.9913397967485794,200,-200.0,0.9913397967485794
450,200,-200.0,0.9913397967485794,200,-200.0,0.9913397967485794,200,-200.0,0.9913397967485794
451,200,-200.0,0.9913397967485794,200,-200.0,0.9913397967485794,200,-200.0,0.9913397967485794
452,200,-200.0,0.9913397967485794,200,-200.0,0.9913397967485794,200,-200.0,0.9913397967485794
453,200,-200.0,0.9913397967485794,200,-200.0,0.9913397967485794,200,-200.0,0.9913397967485794
454,200,-200.0,0.9913397967485794,200,-200.0,0.9913397967485794,200,-200.0,0.9913397967485794
455,200,-200.0,0.9913397967485794,200,-200.0,0.9913397967485794,200,-200.0,0.9913397967485794
456,200,-200.0,0.9913397967485794,200,-200.0,0.9913397967485794,200,-200.0,0.9913397967485794
457,200,-200.0,0.9913397967485794,200,-200.0,0.9913397967485794,200,-200.0,0.9913397967485794
458,200,-200.0,0.9913397967485794,200,-200.0,0.9913397967485794,200,-200.0,0.9913397967485794
459,200,-200.0,0.9913397967485794,200,-200.0,0.9913397967485794,200,-200.0,0.9913397967485794
460,200,-200.0,0.9913397967485794,200,-200.0,0.9913397967485794,200,-200.0,0.9913397967485794
461,200,-200.0,0.9913397967485794,200,-200.0,0.9913397967485794,200,-200.0,0.9913397967485794
462,200,-200.0,0.9913397967485794,200,-200.0,0.9913397967485794,200,-200.0,0.9913397967485794
463,200,-200.0,0.9913397967485794,200,-200.0,0.9913397967485794,200,-200.0,0.9913397967485794
464,200,-200.0,0.9913397967485794,200,-200.0,0.9913397967485794,200,-200.0,0.9913397967485794
465,200,-200.0,0.9913397967485794,200,-200.0,0.9913397967485794,200,-200.0,0.9913397967485794
466,200,-200.0,0.9913397967485794,200,-200.0,0.9913397967485794,200,-200.0,0.9913397967485794
467,200,-200.0,0.9913397967485794,200,-200.0,0.9913397967485794,200,-200.0,0.9913397967485794
468,200,-200.0,0.9913397967485794,200,-200.0,0.9913397967485794,200,-200.0,0.9913397967485794
469,200,-200.0,0.9913397967485794,200,-200.0,0.9913397967485794,200,-200.0,0.9913397967485794
470,200,-200.0,0.9913397967485794,200,-200.0,0.9913397967485794,200,-200.0,0.9913397967485794
471,200,-200.0,0.9913397967485794,200,-200.0,0.9913397967485794,200,-200.0,0.9913397967485794
472,200,-200.0,0.9913397967485794,200,-200.0,0.9913397967485794,200,-200.0,0.9913397967485794
473,200,-200.0,0.9913397967485794,200,-200.0,0.9913397967485794,200,-200.0,0.9913397967485794
474,200,-200.0,0.9913397967485794,200,-200.0,0.9913397967485794,200,-200.0,0.9913397967485794
475,200,-200.0,0.9913397967485794,200,-200.0,0.9913397967485794,200,-200.0,0.9913397967485794
476,200,-200.0,0.9913397967485794,200,-200.0,0.9913397967485794,200,-200.0,0.9913397967485794
477,200,-200.0,0.9913397967485794,200,-200.0,0.9913397967485794,200,-200.0,0.9913397967485794
478,200,-200.0,0.9913397967485794,200,-200.0,0.9913397967485794,200,-200.0,0.9913397967485794
479,200,-200.0,0.9913397967485794,200,-200.0,0.9913397967485794,200,-200.0,0.9913397967485794
480,200,-200.0,0.9913397967485794,200,-200.0,0.9913397967485794,200,-200.0,0.9913397967485794
481,200,-200.0,0.9913397967485794,200,-200.0,0.9913397967485794,200,-200.0,0.9913397967485794
482,200,-200.0,0.9913397967485794,200,-200.0,0.9913397967485794,200,-200.0,0.9913397967485794
483,200,-200.0,0.9913397967485794,200,-200.0,0.9913397967485794,200,-200.0,0.9913397967485794
484,200,-200.0,0.9913397967485794,200,-200.0,0.9913397967485794,200,-200.0,0.9913397967485794
485,200,-200.0,0.9913397967485794,200,-200.0,0.9913397967485794,200,-200.0,0.9913397967485794
486,200,-200.0,0.9913397967485794,200,-200.0,0.9913397967485794,200,-200.0,0.9913397967485794
487,200,-200.0,0.9913397967485794,200,-200.0,0.9913397967485794,200,-200.0,0.9913397967485794
488,200,-200.0,0.9913397967485794,200,-200.0,0.9913397967485794,200,-200.0,0.9913397967485794
489,200,-200.0,0.9913397967485794,200,-200.0,0.9913397967485794,200,-200.0,0.9913397967485794
490,200,-200.0,0.9913397967485794,200,-200.0,0.9913397967485794,200,-200.0,0.9913397967485794
491,200,-200.0,0.9913397967485794,200,-200.0,0.9913397967485794,200,-200.0,0.9913397967485794
492,200,-200.0,0.9913397967485794,200,-200.0,0.9913397967485794,200,-200.0,0.9913397967485794
493,200,-200.0,0.9913397967485794,200,-200.0,0.9913397967485794,200,-200.0,0.9913397967485794
494,200,-200.0,0.9913397967485794,200,-200.0,0.9913397967485794,200,-200.0,0.9913397967485794
495,200,-200.0,0.9913397967485794,200,-200.0,0.9913397967485794,200,-200.0,0.9913397967485794
496,200,-200.0,0.9913397967485794,200,-200.0,0.9913397967485794,200,-200.0,0.9913397967485794
497,200,-200.0,0.9913397967485794,200,-200.0,0.9913397967485794,200,-200.0,0.9913397967485794
498,200,-200.0,0.9913397967485794,200,-200.0,0.9913397967485794,200,-200.0,0.9913397967485794
499,200,-200.0,0.9913397967485794,200,-200.0,0.9913397967485794,200,-200.0,0.9913397967485794
500,200,-200.0,0.9913397967485794,200,-200.0,0.9913397967485794,200,-200.0,0.9913397967485794
501,200,-200.0,0.9913397967485794,200,-200.0,0.9913397967485794,200,-200.0,0.9913397967485794
502,200,-200.0,0.9913397967485794,200,-200.0,0.9913397967485794,200,-200.0,0.9913397967485794
503,200,-200.0,0.9913397967485794,200,-200.0,0.9913397967485794,200,-200.0,0.9913397967485794
504,200,-200.0,0.9913397967485794,200,-200.0,0.9913397967485794,200,-200.0,0.9913397967485794
505,200,-200.0,0.9913397967485794,200,-200.0,0.9913397967485794,200,-200.0,0.9913397967485794
506,200,-200.0,0.9913397967485794,200,-200.0,0.9913397967485794,200,-200.0,0.9913397967485794
507,200,-200.0,0.9913397967485794,200,-200.0,0.9913397967485794,200,-200.0,0.9913397967485794
508,200,-200.0,0.9913397967485794,200,-200.0,0.9913397967485794,200,-200.0,0.9913397967485794
509,200,-200.0,0.9913397967485794,200,-200.0,0.9913397967485794,200,-200.0,0.9913397967485794
510,200,-200.0,0.9913397967485794,200,-200.0,0.9913397967485794,200,-200.0,0.9913397967485794
511,200,-200.0,0.9913397967485794,200,-200.0,0.9913397967485794,200,-200.0,0.9913397967485794
512,200,-200.0,0.9913397967485794,200,-200.0,0.9913397967485794,200,-200.0,0.9913397967485794
513,200,-200.0,0.9913397967485794,200,-200.0,0.9913397967485794,200,-200.0,0.9913397967485794
514,200,-200.0,0.9913397967485794,200,-200.0,0.9913397967485794,200,-200.0,0.9913397967485794
515,200,-200.0,0.9913397967485794,200,-200.0,0.9913397967485794,200,-200.0,0.9913397967485794
516,200,-200.0,0.9913397967485794,200,-200.0,0.9913397967485794,200,-200.0,0.9913397967485794
517,200,-200.0,0.9913397967485794,200,-200.0,0.9913397967485794,200,-200.0,0.9913397967485794
518,200,-200.0,0.9913397967485794,200,-200.0,0.9913397967485794,200,-200.0,0.9913397967485794
519,200,-200.0,0.9913397967485794,200,-200.0,0.9913397967485794,200,-200.0,0.9913397967485794
520,200,-200.0,0.9913397967485794,200,-200.0,0.9913397967485794,200,-200.0,0.9913397967485794
521,200,-200.0,0.9913397967485794,200,-200.0,0.9913397967485794,200,-200.0,0.9913397967485794
522,200,-200.0,0.9913397967485794,200,-200.0,0.9913397967485794,200,-200.0,0.9913397967485794
523,200,-200.0,0.9913397967485794,200,-200.0,0.9913397967485794,200,-200.0,0.9913397967485794
524,200,-200.0,0.9913397967485794,200,-200.0,0.9913397967485794,200,-200.0,0.9913397967485794
525,200,-200.0,0.9913397967485794,200,-200.0,0.9913397967485794,200,-200.0,0.9913397967485794
526,200,-200.0,0.9913397967485794,200,-200.0,0.9913397967485794,200,-200.0,0.9913397967485794
527,200,-200.0,0.9913397967485794,200,-200.0,0.9913397967485794,200,-200.0,0.9913397967485794
528,200,-200.0,0.9913397967485794,200,-200.0,0.9913397967485794,200,-200.0,0.9913397967485794
529,200,-200.0,0.9913397967485794,200,-200.0,0.9913397967485794,200,-200.0,0.9913397967485794
530,200,-200.0,0.9913397967485794,200,-200.0,0.9913397967485794,200,-200.0,0.9913397967485794
531,200,-200.0,0.9913397967485794,200,-200.0,0.9913397967485794,200,-200.0,0.9913397967485794
532,200,-200.0,0.9913397967485794,200,-200.0,0.9913397967485794,200,-200.0,0.9913397967485794
533,200,-200.0,0.9913397967485794,200,-200.0,0.9913397967485794,200,-200.0,0.9913397967485794
534,200,-200.0,0.9913397967485794,200,-200.0,0.9913397967485794,200,-200.0,0.9913397967485794
535,200,-200.0,0.9913397967485794,200,-200.0,0.9913397967485794,200,-200.0,0.9913397967485794
536,200,-200.0,0.9913397967485794,200,-200.0,0.9913397967485794,200,-200.0,0.9913397967485794
537,200,-200.0,0.9913397967485794,200,-200.0,0.9913397967485794,200,-200.0,0.9913397967485794
538,200,-200.0,0.9913397967485794,200,-200.0,0.9913397967485794,200,-200.0,0.9913397967485794
539,200,-200.0,0.9913397967485794,200,-200.0,0.9913397967485794,200,-200.0,0.9913397967485794
540,200,-200.0,0.9913397967485794,200,-200.0,0.9913397967485794,200,-200.0,0.9913397967485794
541,200,-200.0,0.9913397967485794,200,-200.0,0.9913397967485794,200,-200.0,0.9913397967485794
542,200,-200.0,0.9913397967485794,200,-200.0,0.9913397967485794,200,-200.0,0.9913397967485794
543,200,-200.0,0.9913397967485794,200,-200.0,0.9913397967485794,200,-200.0,0.9913397967485794
544,200,-200.0,0.9913397967485794,200,-200.0,0.9913397967485794,200,-200.0,0.9913397967485794
545,200,-200.0,0.9913397967485794,200,-200.0,0.9913397967485794,200,-200.0,0.9913397967485794
546,200,-200.0,0.9913397967485794,200,-200.0,0.9913397967485794,200,-200.0,0.9913397967485794
547,200,-200.0,0.9913397967485794,200,-200.0,0.9913397967485794,200,-200.0,0.9913397967485794
548,200,-200.0,0.9913397967485794,200,-200.0,0.9913397967485794,200,-200.0,0.9913397967485794
549,200,-200.0,0.9913397967485794,200,-200.0,0.9913397967485794,200,-200.0,0.9913397967485794
550,200,-200.0,0.9913397967485794,200,-200.0,0.9913397967485794,200,-200.0,0.9913397967485794
551,200,-200.0,0.9913397967485794,200,-200.0,0.9913397967485794,200,-200.0,0.9913397967485794
552,200,-200.0,0.9913397967485794,200,-200.0,0.9913397967485794,200,-200.0,0.9913397967485794
553,200,-200.0,0.9913397967485794,200,-200.0,0.9913397967485794,200,-200.0,0.9913397967485794
554,200,-200.0,0.9913397967485794,200,-200.0,0.9913397967485794,200,-200.0,0.9913397967485794
555,200,-200.0,0.9913397967485794,200,-200.0,0.9913397967485794,200,-200.0,0.9913397967485794
556,200,-200.0,0.9913397967485794,200,-200.0,0.9913397967485794,200,-200.0,0.9913397967485794
557,200,-200.0,0.9913397967485794,200,-200.0,0.9913397967485794,200,-200.0,0.9913397967485794
558,200,-200.0,0.9913397967485794,200,-200.0,0.9913397967485794,200,-200.0,0.9913397967485794
559,200,-200.0,0.9913397967485794,200,-200.0,0.9913397967485794,200,-200.0,0.9913397967485794
560,200,-200.0,0.9913397967485794,200,-200.0,0.9913397967485794,200,-200.0,0.9913397967485794
561,200,-200.0,0.9913397967485794,200,-200.0,0.9913397967485794,200,-200.0,0.9913397967485794
562,200,-200.0,0.9913397967485794,200,-200.0,0.9913397967485794,200,-200.0,0.9913397967485794
563,200,-200.0,0.9913397967485794,200,-200.0,0.9913397967485794,200,-200.0,0.9913397967485794
564,200,-200.0,0.9913397967485794,200,-200.0,0.9913397967485794,200,-200.0,0.9913397967485794
565,200,-200.0,0.9913397967485794,200,-200.0,0.9913397967485794,200,-200.0,0.9913397967485794
566,200,-200.0,0.9913397967485794,200,-200.0,0.9913397967485794,200,-200.0,0.9913397967485794
567,200,-200.0,0.9913397967485794,200,-200.0,0.9913397967485794,200,-200.0,0.9913397967485794
568,200,-200.0,0.9913397967485794,200,-200.0,0.9913397967485794,200,-200.0,0.9913397967485794
569,200,-200.0,0.9913397967485794,200,-200.0,0.9913397967485794,200,-200.0,0.9913397967485794
570,200,-200.0,0.9913397967485794,200,-200.0,0.9913397967485794,200,-200.0,0.9913397967485794
571,200,-200.0,0.9913397967485794,200,-200.0,0.9913397967485794,200,-200.0,0.9913397967485794
572,200,-200.0,0.9913397967485794,200,-200.0,0.9913397967485794,200,-200.0,0.9913397967485794
573,200,-200.0,0.9913397967485794,200,-200.0,0.9913397967485794,200,-200.0,0.9913397967485794
574,200,-200.0,0.9913397967485794,200,-200.0,0.9913397967485794,200,-200.0,0.9913397967485794
575,200,-200.0,0.9913397967485794,200,-200.0,0.9913397967485794,200,-200.0,0.9913397967485794
576,200,-200.0,0.9913397967485794,200,-200.0,0.9913397967485794,200,-200.0,0.9913397967485794
577,200,-200.0,0.9913397967485794,200,-200.0,0.9913397967485794,200,-200.0,0.9913397967485794
578,200,-200.0,0.9913397967485794,200,-200.0,0.9913397967485794,200,-200.0,0.9913397967485794
579,200,-200.0,0.9913397967485794,200,-200.0,0.9913397967485794,200,-200.0,0.9913397967485794
580,200,-200.0,0.9913397967485794,200,-200.0,0.9913397967485794,200,-200.0,0.9913397967485794
581,200,-200.0,0.9913397967485794,200,-200.0,0.9913397967485794,200,-200.0,0.9913397967485794
582,200,-200.0,0.9913397967485794,200,-200.0,0.9913397967485794,200,-200.0,0.9913397967485794
583,200,-200.0,0.9913397967485794,200,-200.0,0.9913397967485794,200,-200.0,0.9913397967485794
584,200,-200.0,0.9913397967485794,200,-200.0,0.9913397967485794,200,-200.0,0.9913397967485794
585,200,-200.0,0.9913397967485794,200,-200.0,0.9913397967485794,200,-200.0,0.9913397967485794
586,200,-200.0,0.9913397967485794,200,-200.0,0.9913397967485794,200,-200.0,0.9913397967485794
587,200,-200.0,0.9913397967485794,200,-200.0,0.9913397967485794,200,-200.0,0.9913397967485794
588,200,-200.0,0.9913397967485794,200,-200.0,0.9913397967485794,200,-200.0,0.9913397967485794
589,200,-200.0,0.9913397967485794,200,-200.0,0.9913397967485794,200,-200.0,0.9913397967485794
590,200,-200.0,0.9913397967485794,200,-200.0,0.9913397967485794,200,-200.0,0.9913397967485794
591,200,-200.0,0.9913397967485794,200,-200.0,0.9913397967485794,200,-200.0,0.9913397967485794
592,200,-200.0,0.9913397967485794,200,-200.0,0.9913397967485794,200,-200.0,0.9913397967485794
593,200,-200.0,0.9913397967485794,200,-200.0,0.9913397967485794,200,-200.0,0.9913397967485794
594,200,-200.0,0.9913397967485794,200,-200.0,0.9913397967485794,200,-200.0,0.9913397967485794
595,200,-200.0,0.9913397967485794,200,-200.0,0.9913397967485794,200,-200.0,0.9913397967485794
596,200,-200.0,0.9913397967485794,200,-200.0,0.9913397967485794,200,-200.0,0.9913397967485794
597,200,-200.0,0.9913397967485794,200,-200.0,0.9913397967485794,200,-200.0,0.9913397967485794
598,200,-200.0,0.9913397967485794,200,-200.0,0.9913397967485794,200,-200.0,0.9913397967485794
599,200,-200.0,0.9913397967485794,200,-200.0,0.9913397967485794,200,-200.0,0.9913397967485794
600,200,-200.0,0.9913397967485794,200,-200.0,0.9913397967485794,200,-200.0,0.9913397967485794
601,200,-200.0,0.9913397967485794,200,-200.0,0.9913397967485794,200,-200.0,0.9913397967485794
602,200,-200.0,0.9913397967485794,200,-200.0,0.9913397967485794,200,-200.0,0.9913397967485794
603,200,-200.0,0.9913397967485794,200,-200.0,0.9913397967485794,200,-200.0,0.9913397967485794
604,200,-200.0,0.9913397967485794,200,-200.0,0.9913397967485794,200,-200.0,0.9913397967485794
605,200,-200.0,0.9913397967485794,200,-200.0,0.9913397967485794,200,-200.0,0.9913397967485794
606,200,-200.0,0.9913397967485794,200,-200.0,0.9913397967485794,200,-200.0,0.9913397967485794
607,200,-200.0,0.9913397967485794,200,-200.0,0.9913397967485794,200,-200.0,0.9913397967485794
608,200,-200.0,0.9913397967485794,200,-200.0,0.9913397967485794,200,-200.0,0.9913397967485794
609,200,-200.0,0.9913397967485794,200,-200.0,0.9913397967485794,200,-200.0,0.9913397967485794
610,200,-200.0,0.9913397967485794,200,-200.0,0.9913397967485794,200,-200.0,0.9913397967485794
611,200,-200.0,0.9913397967485794,200,-200.0,0.9913397967485794,200,-200.0,0.9913397967485794
612,200,-200.0,0.9913397967485794,200,-200.0,0.9913397967485794,200,-200.0,0.9913397967485794
613,200,-200.0,0.9913397967485794,200,-200.0,0.9913397967485794,200,-200.0,0.9913397967485794
614,200,-200.0,0.9913397967485794,200,-200.0,0.9913397967485794,200,-200.0,0.9913397967485794
615,200,-200.0,0.9913397967485794,200,-200.0,0.9913397967485794,200,-200.0,0.9913397967485794
616,200,-200.0,0.9913397967485794,200,-200.0,0.9913397967485794,200,-200.0,0.9913397967485794
617,200,-200.0,0.9913397967485794,200,-200.0,0.9913397967485794,200,-200.0,0.9913397967485794
618,200,-200.0,0.9913397967485794,200,-200.0,0.9913397967485794,200,-200.0,0.9913397967485794
619,200,-200.0,0.9913397967485794,200,-200.0,0.9913397967485794,200,-200.0,0.9913397967485794
620,200,-200.0,0.9913397967485794,200,-200.0,0.9913397967485794,200,-200.0,0.9913397967485794
621,200,-200.0,0.9913397967485794,200,-200.0,0.9913397967485794,200,-200.0,0.9913397967485794
622,200,-200.0,0.9913397967485794,200,-200.0,0.9913397967485794,200,-200.0,0.9913397967485794
623,200,-200.0,0.9913397967485794,200,-200.0,0.9913397967485794,200,-200.0,0.9913397967485794
624,200,-200.0,0.9913397967485794,200,-200.0,0.9913397967485794,200,-200.0,0.9913397967485794
625,200,-200.0,0.9913397967485794,200,-200.0,0.9913397967485794,200,-200.0,0.9913397967485794
626,200,-200.0,0.9913397967485794,200,-200.0,0.9913397967485794,200,-200.0,0.9913397967485794
627,200,-200.0,0.9913397967485794,200,-200.0,0.9913397967485794,200,-200.0,0.9913397967485794
628,200,-200.0,0.9913397967485794,200,-200.0,0.9913397967485794,200,-200.0,0.9913397967485794
629,200,-200.0,0.9913397967485794,200,-200.0,0.9913397967485794,200,-200.0,0.9913397967485794
630,200,-200.0,0.9913397967485794,200,-200.0,0.9913397967485794,200,-200.0,0.9913397967485794
631,200,-200.0,0.9913397967485794,200,-200.0,0.9913397967485794,200,-200.0,0.9913397967485794
632,200,-200.0,0.9913397967485794,200,-200.0,0.9913397967485794,200,-200.0,0.9913397967485794
633,200,-200.0,0.9913397967485794,200,-200.0,0.9913397967485794,200,-200.0,0.9913397967485794
634,200,-200.0,0.9913397967485794,200,-200.0,0.9913397967485794,200,-200.0,0.9913397967485794
635,200,-200.0,0.9913397967485794,200,-200.0,0.9913397967485794,200,-200.0,0.9913397967485794
636,200,-200.0,0.9913397967485794,200,-200.0,0.9913397967485794,200,-200.0,0.9913397967485794
637,200,-200.0,0.9913397967485794,200,-200.0,0.9913397967485794,200,-200.0,0.9913397967485794
638,200,-200.0,0.9913397967485794,200,-200.0,0.9913397967485794,200,-200.0,0.9913397967485794
639,200,-200.0,0.9913397967485794,200,-200.0,0.9913397967485794,200,-200.0,0.9913397967485794
640,200,-200.0,0.9913397967485794,200,-200.0,0.9913397967485794,200,-200.0,0.9913397967485794
641,200,-200.0,0.9913397967485794,200,-200.0,0.9913397967485794,200,-200.0,0.9913397967485794
642,200,-200.0,0.9913397967485794,200,-200.0,0.9913397967485794,200,-200.0,0.9913397967485794
643,200,-200.0,0.9913397967485794,200,-200.0,0.9913397967485794,200,-200.0,0.9913397967485794
644,200,-200.0,0.9913397967485794,200,-200.0,0.9913397967485794,200,-200.0,0.9913397967485794
645,200,-200.0,0.9913397967485794,200,-200.0,0.9913397967485794,200,-200.0,0.9913397967485794
646,200,-200.0,0.9913397967485794,200,-200.0,0.9913397967485794,200,-200.0,0.9913397967485794
647,200,-200.0,0.9913397967485794,200,-200.0,0.9913397967485794,200,-200.0,0.9913397967485794
648,200,-200.0,0.9913397967485794,200,-200.0,0.9913397967485794,200,-200.0,0.9913397967485794
649,200,-200.0,0.9913397967485794,200,-200.0,0.9913397967485794,200,-200.0,0.9913397967485794
650,200,-200.0,0.9913397967485794,200,-200.0,0.9913397967485794,200,-200.0,0.9913397967485794
651,200,-200.0,0.9913397967485794,200,-200.0,0.9913397967485794,200,-200.0,0.9913397967485794
652,200,-200.0,0.9913397967485794,200,-200.0,0.9913397967485794,200,-200.0,0.9913397967485794
653,200,-200.0,0.9913397967485794,200,-200.0,0.9913397967485794,200,-200.0,0.9913397967485794
654,200,-200.0,0.9913397967485794,200,-200.0,0.9913397967485794,200,-200.0,0.9913397967485794
655,200,-200.0,0.9913397967485794,200,-200.0,0.9913397967485794,200,-200.0,0.9913397967485794
656,200,-200.0,0.9913397967485794,200,-200.0,0.9913397967485794,200,-200.0,0.9913397967485794
657,200,-200.0,0.9913397967485794,200,-200.0,0.9913397967485794,200,-200.0,0.9913397967485794
658,200,-200.0,0.9913397967485794,200,-200.0,0.9913397967485794,200,-200.0,0.9913397967485794
659,200,-200.0,0.9913397967485794,200,-200.0,0.9913397967485794,200,-200.0,0.9913397967485794
660,200,-200.0,0.9913397967485794,200,-200.0,0.9913397967485794,200,-200.0,0.9913397967485794
661,200,-200.0,0.9913397967485794,200,-200.0,0.9913397967485794,200,-200.0,0.9913397967485794
662,200,-200.0,0.9913397967485794,200,-200.0,0.9913397967485794,200,-200.0,0.9913397967485794
663,200,-200.0,0.9913397967485794,200,-200.0,0.9913397967485794,200,-200.0,0.9913397967485794
664,200,-200.0,0.9913397967485794,200,-200.0,0.9913397967485794,200,-200.0,0.9913397967485794
665,200,-200.0,0.9913397967485794,200,-200.0,0.9913397967485794,200,-200.0,0.9913397967485794
666,200,-200.0,0.9913397967485794,200,-200.0,0.9913397967485794,200,-200.0,0.9913397967485794
667,200,-200.0,0.9913397967485794,200,-200.0,0.9913397967485794,200,-200.0,0.9913397967485794
668,200,-200.0,0.9913397967485794,200,-200.0,0.9913397967485794,200,-200.0,0.9913397967485794
669,200,-200.0,0.9913397967485794,200,-200.0,0.9913397967485794,200,-200.0,0.9913397967485794
670,200,-200.0,0.9913397967485794,200,-200.0,0.9913397967485794,200,-200.0,0.9913397967485794
671,200,-200.0,0.9913397967485794,200,-200.0,0.9913397967485794,200,-200.0,0.9913397967485794
672,200,-200.0,0.9913397967485794,200,-200.0,0.9913397967485794,200,-200.0,0.9913397967485794
673,200,-200.0,0.9913397967485794,200,-200.0,0.9913397967485794,200,-200.0,0.9913397967485794
674,200,-200.0,0.9913397967485794,200,-200.0,0.9913397967485794,200,-200.0,0.9913397967485794
675,200,-200.0,0.9913397967485794,200,-200.0,0.9913397967485794,200,-200.0,0.9913397967485794
676,200,-200.0,0.9913397967485794,200,-200.0,0.9913397967485794,200,-200.0,0.9913397967485794
677,200,-200.0,0.9913397967485794,200,-200.0,0.9913397967485794,200,-200.0,0.9913397967485794
678,200,-200.0,0.9913397967485794,200,-200.0,0.9913397967485794,200,-200.0,0.9913397967485794
679,200,-200.0,0.9913397967485794,200,-200.0,0.9913397967485794,200,-200.0,0.9913397967485794
680,200,-200.0,0.9913397967485794,200,-200.0,0.9913397967485794,200,-200.0,0.9913397967485794
681,200,-200.0,0.9913397967485794,200,-200.0,0.9913397967485794,200,-200.0,0.9913397967485794
682,200,-200.0,0.9913397967485794,200,-200.0,0.9913397967485794,200,-200.0,0.9913397967485794
683,200,-200.0,0.9913397967485794,200,-200.0,0.9913397967485794,200,-200.0,0.9913397967485794
684,200,-200.0,0.9913397967485794,200,-200.0,0.9913397967485794,200,-200.0,0.9913397967485794
685,200,-200.0,0.9913397967485794,200,-200.0,0.9913397967485794,200,-200.0,0.9913397967485794
686,200,-200.0,0.9913397967485794,200,-200.0,0.9913397967485794,200,-200.0,0.9913397967485794
687,200,-200.0,0.9913397967485794,200,-200.0,0.9913397967485794,200,-200.0,0.9913397967485794
688,200,-200.0,0.9913397967485794,200,-200.0,0.9913397967485794,200,-200.0,0.9913397967485794
689,200,-200.0,0.9913397967485794,200,-200.0,0.9913397967485794,200,-200.0,0.9913397967485794
690,200,-200.0,0.9913397967485794,200,-200.0,0.9913397967485794,200,-200.0,0.9913397967485794
691,200,-200.0,0.9913397967485794,200,-200.0,0.9913397967485794,200,-200.0,0.9913397967485794
692,200,-200.0,0.9913397967485794,200,-200.0,0.9913397967485794,200,-200.0,0.9913397967485794
693,200,-200.0,0.9913397967485794,200,-200.0,0.9913397967485794,200,-200.0,0.9913397967485794
694,200,-200.0,0.9913397967485794,200,-200.0,0.9913397967485794,200,-200.0,0.9913397967485794
695,200,-200.0,0.9913397967485794,200,-200.0,0.9913397967485794,200,-200.0,0.9913397967485794
696,200,-200.0,0.9913397967485794,200,-200.0,0.9913397967485794,200,-200.0,0.9913397967485794
697,200,-200.0,0.9913397967485794,200,-200.0,0.9913397967485794,200,-200.0,0.9913397967485794
698,200,-200.0,0.9913397967485794,200,-200.0,0.9913397967485794,200,-200.0,0.9913397967485794
699,200,-200.0,0.9913397967485794,200,-200.0,0.9913397967485794,200,-200.0,0.9913397967485794
700,200,-200.0,0.9913397967485794,200,-200.0,0.9913397967485794,200,-200.0,0.9913397967485794
701,200,-200.0,0.9913397967485794,200,-200.0,0.9913397967485794,200,-200.0,0.9913397967485794
702,200,-200.0,0.9913397967485794,200,-200.0,0.9913397967485794,200,-200.0,0.9913397967485794
703,200,-200.0,0.9913397967485794,200,-200.0,0.9913397967485794,200,-200.0,0.9913397967485794
704,200,-200.0,0.9913397967485794,200,-200.0,0.9913397967485794,200,-200.0,0.9913397967485794
705,200,-200.0,0.9913397967485794,200,-200.0,0.9913397967485794,200,-200.0,0.9913397967485794
706,200,-200.0,0.9913397967485794,200,-200.0,0.9913397967485794,200,-200.0,0.9913397967485794
707,200,-200.0,0.9913397967485794,200,-200.0,0.9913397967485794,200,-200.0,0.9913397967485794
708,200,-200.0,0.9913397967485794,200,-200.0,0.9913397967485794,200,-200.0,0.9913397967485794
709,200,-200.0,0.9913397967485794,200,-200.0,0.9913397967485794,200,-200.0,0.9913397967485794
710,200,-200.0,0.9913397967485794,200,-200.0,0.9913397967485794,200,-200.0,0.9913397967485794
711,200,-200.0,0.9913397967485794,200,-200.0,0.9913397967485794,200,-200.0,0.9913397967485794
712,200,-200.0,0.9913397967485794,200,-200.0,0.9913397967485794,200,-200.0,0.9913397967485794
713,200,-200.0,0.9913397967485794,200,-200.0,0.9913397967485794,200,-200.0,0.9913397967485794
714,200,-200.0,0.9913397967485794,200,-200.0,0.9913397967485794,200,-200.0,0.9913397967485794
715,200,-200.0,0.9913397967485794,200,-200.0,0.9913397967485794,200,-200.0,0.9913397967485794
716,200,-200.0,0.9913397967485794,200,-200.0,0.9913397967485794,200,-200.0,0.9913397967485794
717,200,-200.0,0.9913397967485794,200,-200.0,0.9913397967485794,200,-200.0,0.9913397967485794
718,200,-200.0,0.9913397967485794,200,-200.0,0.9913397967485794,200,-200.0,0.9913397967485794
719,200,-200.0,0.9913397967485794,200,-200.0,0.9913397967485794,200,-200.0,0.9913397967485794
720,200,-200.0,0.9913397967485794,200,-200.0,0.9913397967485794,200,-200.0,0.9913397967485794
721,200,-200.0,0.9913397967485794,200,-200.0,0.9913397967485794,200,-200.0,0.9913397967485794
722,200,-200.0,0.9913397967485794,200,-200.0,0.9913397967485794,200,-200.0,0.9913397967485794
723,200,-200.0,0.9913397967485794,200,-200.0,0.9913397967485794,200,-200.0,0.9913397967485794
724,200,-200.0,0.9913397967485794,200,-200.0,0.9913397967485794,200,-200.0,0.9913397967485794
725,200,-200.0,0.9913397967485794,200,-200.0,0.9913397967485794,200,-200.0,0.9913397967485794
726,200,-200.0,0.9913397967485794,200,-200.0,0.9913397967485794,200,-200.0,0.9913397967485794
727,200,-200.0,0.9913397967485794,200,-200.0,0.9913397967485794,200,-200.0,0.9913397967485794
728,200,-200.0,0.9913397967485794,200,-200.0,0.9913397967485794,200,-200.0,0.9913397967485794
729,200,-200.0,0.9913397967485794,200,-200.0,0.9913397967485794,200,-200.0,0.9913397967485794
730,200,-200.0,0.9913397967485794,200,-200.0,0.9913397967485794,200,-200.0,0.9913397967485794
731,200,-200.0,0.9913397967485794,200,-200.0,0.9913397967485794,200,-200.0,0.9913397967485794
732,200,-200.0,0.9913397967485794,200,-200.0,0.9913397967485794,200,-200.0,0.9913397967485794
733,200,-200.0,0.9913397967485794,200,-200.0,0.9913397967485794,200,-200.0,0.9913397967485794
734,200,-200.0,0.9913397967485794,200,-200.0,0.9913397967485794,200,-200.0,0.9913397967485794
735,200,-200.0,0.9913397967485794,200,-200.0,0.9913397967485794,200,-200.0,0.9913397967485794
736,200,-200.0,0.9913397967485794,200,-200.0,0.9913397967485794,200,-200.0,0.9913397967485794
737,200,-200.0,0.9913397967485794,200,-200.0,0.9913397967485794,200,-200.0,0.9913397967485794
738,200,-200.0,0.9913397967485794,200,-200.0,0.9913397967485794,200,-200.0,0.9913397967485794
739,200,-200.0,0.9913397967485794,200,-200.0,0.9913397967485794,200,-200.0,0.9913397967485794
740,200,-200.0,0.9913397967485794,200,-200.0,0.9913397967485794,200,-200.0,0.9913397967485794
741,200,-200.0,0.9913397967485794,200,-200.0,0.9913397967485794,200,-200.0,0.9913397967485794
742,200,-200.0,0.9913397967485794,200,-200.0,0.9913397967485794,200,-200.0,0.9913397967485794
743,200,-200.0,0.9913397967485794,200,-200.0,0.9913397967485794,200,-200.0,0.9913397967485794
744,200,-200.0,0.9913397967485794,200,-200.0,0.9913397967485794,200,-200.0,0.9913397967485794
745,200,-200.0,0.9913397967485794,200,-200.0,0.9913397967485794,200,-200.0,0.9913397967485794
746,200,-200.0,0.9913397967485794,200,-200.0,0.9913397967485794,200,-200.0,0.9913397967485794
747,200,-200.0,0.9913397967485794,200,-200.0,0.9913397967485794,200,-200.0,0.9913397967485794
748,200,-200.0,0.9913397967485794,200,-200.0,0.9913397967485794,200,-200.0,0.9913397967485794
749,200,-200.0,0.9913397967485794,200,-200.0,0.9913397967485794,200,-200.0,0.9913397967485794
750,200,-200.0,0.9913397967485794,200,-200.0,0.9913397967485794,200,-200.0,0.9913397967485794
751,200,-200.0,0.9913397967485794,200,-200.0,0.9913397967485794,200,-200.0,0.9913397967485794
752,200,-200.0,0.9913397967485794,200,-200.0,0.9913397967485794,200,-200.0,0.9913397967485794
753,200,-200.0,0.9913397967485794,200,-200.0,0.9913397967485794,200,-200.0,0.9913397967485794
754,200,-200.0,0.9913397967485794,200,-200.0,0.9913397967485794,200,-200.0,0.9913397967485794
755,200,-200.0,0.9913397967485794,200,-200.0,0.9913397967485794,200,-200.0,0.9913397967485794
756,200,-200.0,0.9913397967485794,200,-200.0,0.9913397967485794,200,-200.0,0.9913397967485794
757,200,-200.0,0.9913397967485794,200,-200.0,0.9913397967485794,200,-200.0,0.9913397967485794
758,200,-200.0,0.9913397967485794,200,-200.0,0.9913397967485794,200,-200.0,0.9913397967485794
759,200,-200.0,0.9913397967485794,200,-200.0,0.9913397967485794,200,-200.0,0.9913397967485794
760,200,-200.0,0.9913397967485794,200,-200.0,0.9913397967485794,200,-200.0,0.9913397967485794
761,200,-200.0,0.9913397967485794,200,-200.0,0.9913397967485794,200,-200.0,0.9913397967485794
762,200,-200.0,0.9913397967485794,200,-200.0,0.9913397967485794,200,-200.0,0.9913397967485794
763,200,-200.0,0.9913397967485794,200,-200.0,0.9913397967485794,200,-200.0,0.9913397967485794
764,200,-200.0,0.9913397967485794,200,-200.0,0.9913397967485794,200,-200.0,0.9913397967485794
765,200,-200.0,0.9913397967485794,200,-200.0,0.9913397967485794,200,-200.0,0.9913397967485794
766,200,-200.0,0.9913397967485794,200,-200.0,0.9913397967485794,200,-200.0,0.9913397967485794
767,200,-200.0,0.9913397967485794,200,-200.0,0.9913397967485794,200,-200.0,0.9913397967485794
768,200,-200.0,0.9913397967485794,200,-200.0,0.9913397967485794,200,-200.0,0.9913397967485794
769,200,-200.0,0.9913397967485794,200,-200.0,0.9913397967485794,200,-200.0,0.9913397967485794
770,200,-200.0,0.9913397967485794,200,-200.0,0.9913397967485794,200,-200.0,0.9913397967485794
771,200,-200.0,0.9913397967485794,200,-200.0,0.9913397967485794,200,-200.0,0.9913397967485794
772,200,-200.0,0.9913397967485794,200,-200.0,0.9913397967485794,200,-200.0,0.9913397967485794
773,200,-200.0,0.9913397967485794,200,-200.0,0.9913397967485794,200,-200.0,0.9913397967485794
774,200,-200.0,0.9913397967485794,200,-200.0,0.9913397967485794,200,-200.0,0.9913397967485794
775,200,-200.0,0.9913397967485794,200,-200.0,0.9913397967485794,200,-200.0,0.9913397967485794
776,200,-200.0,0.9913397967485794,200,-200.0,0.9913397967485794,200,-200.0,0.9913397967485794
777,200,-200.0,0.9913397967485794,200,-200.0,0.9913397967485794,200,-200.0,0.9913397967485794
778,200,-200.0,0.9913397967485794,200,-200.0,0.9913397967485794,200,-200.0,0.9913397967485794
779,200,-200.0,0.9913397967485794,200,-200.0,0.9913397967485794,200,-200.0,0.9913397967485794
780,200,-200.0,0.9913397967485794,200,-200.0,0.9913397967485794,200,-200.0,0.9913397967485794
781,200,-200.0,0.9913397967485794,200,-200.0,0.9913397967485794,200,-200.0,0.9913397967485794
782,200,-200.0,0.9913397967485794,200,-200.0,0.9913397967485794,200,-200.0,0.9913397967485794
783,200,-200.0,0.9913397967485794,200,-200.0,0.9913397967485794,200,-200.0,0.9913397967485794
784,200,-200.0,0.9913397967485794,200,-200.0,0.9913397967485794,200,-200.0,0.9913397967485794
785,200,-200.0,0.9913397967485794,200,-200.0,0.9913397967485794,200,-200.0,0.9913397967485794
786,200,-200.0,0.9913397967485794,200,-200.0,0.9913397967485794,200,-200.0,0.9913397967485794
787,200,-200.0,0.9913397967485794,200,-200.0,0.9913397967485794,200,-200.0,0.9913397967485794
788,200,-200.0,0.9913397967485794,200,-200.0,0.9913397967485794,200,-200.0,0.9913397967485794
789,200,-200.0,0.9913397967485794,200,-200.0,0.9913397967485794,200,-200.0,0.9913397967485794
790,200,-200.0,0.9913397967485794,200,-200.0,0.9913397967485794,200,-200.0,0.9913397967485794
791,200,-200.0,0.9913397967485794,200,-200.0,0.9913397967485794,200,-200.0,0.9913397967485794
792,200,-200.0,0.9913397967485794,200,-200.0,0.9913397967485794,200,-200.0,0.9913397967485794
793,200,-200.0,0.9913397967485794,200,-200.0,0.9913397967485794,200,-200.0,0.9913397967485794
794,200,-200.0,0.9913397967485794,200,-200.0,0.9913397967485794,200,-200.0,0.9913397967485794
795,200,-200.0,0.9913397967485794,200,-200.0,0.9913397967485794,200,-200.0,0.9913397967485794
796,200,-200.0,0.9913397967485794,200,-200.0,0.9913397967485794,200,-200.0,0.9913397967485794
797,200,-200.0,0.9913397967485794,200,-200.0,0.9913397967485794,200,-200.0,0.9913397967485794
798,200,-200.0,0.9913397967485794,200,-200.0,0.9913397967485794,200,-200.0,0.9913397967485794
799,200,-200.0,0.9913397967485794,200,-200.0,0.9913397967485794,200,-200.0,0.9913397967485794
800,200,-200.0,0.9913397967485794,200,-200.0,0.9913397967485794,200,-200.0,0.9913397967485794
801,200,-200.0,0.9913397967485794,200,-200.0,0.9913397967485794,200,-200.0,0.9913397967485794
802,200,-200.0,0.9913397967485794,200,-200.0,0.9913397967485794,200,-200.0,0.9913397967485794
803,200,-200.0,0.9913397967485794,200,-200.0,0.9913397967485794,200,-200.0,0.9913397967485794
804,200,-200.0,0.9913397967485794,200,-200.0,0.9913397967485794,200,-200.0,0.9913397967485794
805,200,-200.0,0.9913397967485794,200,-200.0,0.9913397967485794,200,-200.0,0.9913397967485794
806,200,-200.0,0.9913397967485794,200,-200.0,0.9913397967485794,200,-200.0,0.9913397967485794
807,200,-200.0,0.9913397967485794,200,-200.0,0.9913397967485794,200,-200.0,0.9913397967485794
808,200,-200.0,0.9913397967485794,200,-200.0,0.9913397967485794,200,-200.0,0.9913397967485794
809,200,-200.0,0.9913397967485794,200,-200.0,0.9913397967485794,200,-200.0,0.9913397967485794
810,200,-200.0,0.9913397967485794,200,-200.0,0.9913397967485794,200,-200.0,0.9913397967485794
811,200,-200.0,0.9913397967485794,200,-200.0,0.9913397967485794,200,-200.0,0.9913397967485794
812,200,-200.0,0.9913397967485794,200,-200.0,0.9913397967485794,200,-200.0,0.9913397967485794
813,200,-200.0,0.9913397967485794,200,-200.0,0.9913397967485794,200,-200.0,0.9913397967485794
814,200,-200.0,0.9913397967485794,200,-200.0,0.9913397967485794,200,-200.0,0.9913397967485794
815,200,-200.0,0.9913397967485794,200,-200.0,0.9913397967485794,200,-200.0,0.9913397967485794
816,200,-200.0,0.9913397967485794,200,-200.0,0.9913397967485794,200,-200.0,0.9913397967485794
817,200,-200.0,0.9913397967485794,200,-200.0,0.9913397967485794,200,-200.0,0.9913397967485794
818,200,-200.0,0.9913397967485794,200,-200.0,0.9913397967485794,200,-200.0,0.9913397967485794
819,200,-200.0,0.9913397967485794,200,-200.0,0.9913397967485794,200,-200.0,0.9913397967485794
820,200,-200.0,0.9913397967485794,200,-200.0,0.9913397967485794,200,-200.0,0.9913397967485794
821,200,-200.0,0.9913397967485794,200,-200.0,0.9913397967485794,200,-200.0,0.9913397967485794
822,200,-200.0,0.9913397967485794,200,-200.0,0.9913397967485794,200,-200.0,0.9913397967485794
823,200,-200.0,0.9913397967485794,200,-200.0,0.9913397967485794,200,-200.0,0.9913397967485794
824,200,-200.0,0.9913397967485794,200,-200.0,0.9913397967485794,200,-200.0,0.9913397967485794
825,200,-200.0,0.9913397967485794,200,-200.0,0.9913397967485794,200,-200.0,0.9913397967485794
826,200,-200.0,0.9913397967485794,200,-200.0,0.9913397967485794,200,-200.0,0.9913397967485794
827,200,-200.0,0.9913397967485794,200,-200.0,0.9913397967485794,200,-200.0,0.9913397967485794
828,200,-200.0,0.9913397967485794,200,-200.0,0.9913397967485794,200,-200.0,0.9913397967485794
829,200,-200.0,0.9913397967485794,200,-200.0,0.9913397967485794,200,-200.0,0.9913397967485794
830,200,-200.0,0.9913397967485794,200,-200.0,0.9913397967485794,200,-200.0,0.9913397967485794
831,200,-200.0,0.9913397967485794,200,-200.0,0.9913397967485794,200,-200.0,0.9913397967485794
832,200,-200.0,0.9913397967485794,200,-200.0,0.9913397967485794,200,-200.0,0.9913397967485794
833,200,-200.0,0.9913397967485794,200,-200.0,0.9913397967485794,200,-200.0,0.9913397967485794
834,200,-200.0,0.9913397967485794,200,-200.0,0.9913397967485794,200,-200.0,0.9913397967485794
835,200,-200.0,0.9913397967485794,200,-200.0,0.9913397967485794,200,-200.0,0.9913397967485794
836,200,-200.0,0.9913397967485794,200,-200.0,0.9913397967485794,200,-200.0,0.9913397967485794
837,200,-200.0,0.9913397967485794,200,-200.0,0.9913397967485794,200,-200.0,0.9913397967485794
838,200,-200.0,0.9913397967485794,200,-200.0,0.9913397967485794,200,-200.0,0.9913397967485794
839,200,-200.0,0.9913397967485794,200,-200.0,0.9913397967485794,200,-200.0,0.9913397967485794
840,200,-200.0,0.9913397967485794,200,-200.0,0.9913397967485794,200,-200.0,0.9913397967485794
841,200,-200.0,0.9913397967485794,200,-200.0,0.9913397967485794,200,-200.0,0.9913397967485794
842,200,-200.0,0.9913397967485794,200,-200.0,0.9913397967485794,200,-200.0,0.9913397967485794
843,200,-200.0,0.9913397967485794,200,-200.0,0.9913397967485794,200,-200.0,0.9913397967485794
844,200,-200.0,0.9913397967485794,200,-200.0,0.9913397967485794,200,-200.0,0.9913397967485794
845,200,-200.0,0.9913397967485794,200,-200.0,0.9913397967485794,200,-200.0,0.9913397967485794
846,200,-200.0,0.9913397967485794,200,-200.0,0.9913397967485794,200,-200.0,0.9913397967485794
847,200,-200.0,0.9913397967485794,200,-200.0,0.9913397967485794,200,-200.0,0.9913397967485794
848,200,-200.0,0.9913397967485794,200,-200.0,0.9913397967485794,200,-200.0,0.9913397967485794
849,200,-200.0,0.9913397967485794,200,-200.0,0.9913397967485794,200,-200.0,0.9913397967485794
850,200,-200.0,0.9913397967485794,200,-200.0,0.9913397967485794,200,-200.0,0.9913397967485794
851,200,-200.0,0.9913397967485794,200,-200.0,0.9913397967485794,200,-200.0,0.9913397967485794
852,200,-200.0,0.9913397967485794,200,-200.0,0.9913397967485794,200,-200.0,0.9913397967485794
853,200,-200.0,0.9913397967485794,200,-200.0,0.9913397967485794,200,-200.0,0.9913397967485794
854,200,-200.0,0.9913397967485794,200,-200.0,0.9913397967485794,200,-200.0,0.9913397967485794
855,200,-200.0,0.9913397967485794,200,-200.0,0.9913397967485794,200,-200.0,0.9913397967485794
856,200,-200.0,0.9913397967485794,200,-200.0,0.9913397967485794,200,-200.0,0.9913397967485794
857,200,-200.0,0.9913397967485794,200,-200.0,0.9913397967485794,200,-200.0,0.9913397967485794
858,200,-200.0,0.9913397967485794,200,-200.0,0.9913397967485794,200,-200.0,0.9913397967485794
859,200,-200.0,0.9913397967485794,200,-200.0,0.9913397967485794,200,-200.0,0.9913397967485794
860,200,-200.0,0.9913397967485794,200,-200.0,0.9913397967485794,200,-200.0,0.9913397967485794
861,200,-200.0,0.9913397967485794,200,-200.0,0.9913397967485794,200,-200.0,0.9913397967485794
862,200,-200.0,0.9913397967485794,200,-200.0,0.9913397967485794,200,-200.0,0.9913397967485794
863,200,-200.0,0.9913397967485794,200,-200.0,0.9913397967485794,200,-200.0,0.9913397967485794
864,200,-200.0,0.9913397967485794,200,-200.0,0.9913397967485794,200,-200.0,0.9913397967485794
865,200,-200.0,0.9913397967485794,200,-200.0,0.9913397967485794,200,-200.0,0.9913397967485794
866,200,-200.0,0.9913397967485794,200,-200.0,0.9913397967485794,200,-200.0,0.9913397967485794
867,200,-200.0,0.9913397967485794,200,-200.0,0.9913397967485794,200,-200.0,0.9913397967485794
868,200,-200.0,0.9913397967485794,200,-200.0,0.9913397967485794,200,-200.0,0.9913397967485794
869,200,-200.0,0.9913397967485794,200,-200.0,0.9913397967485794,200,-200.0,0.9913397967485794
870,200,-200.0,0.9913397967485794,200,-200.0,0.9913397967485794,200,-200.0,0.9913397967485794
871,200,-200.0,0.9913397967485794,200,-200.0,0.9913397967485794,200,-200.0,0.9913397967485794
872,200,-200.0,0.9913397967485794,200,-200.0,0.9913397967485794,200,-200.0,0.9913397967485794
873,200,-200.0,0.9913397967485794,200,-200.0,0.9913397967485794,200,-200.0,0.9913397967485794
874,200,-200.0,0.9913397967485794,200,-200.0,0.9913397967485794,200,-200.0,0.9913397967485794
875,200,-200.0,0.9913397967485794,200,-200.0,0.9913397967485794,200,-200.0,0.9913397967485794
876,200,-200.0,0.9913397967485794,200,-200.0,0.9913397967485794,200,-200.0,0.9913397967485794
877,200,-200.0,0.9913397967485794,200,-200.0,0.9913397967485794,200,-200.0,0.9913397967485794
878,200,-200.0,0.9913397967485794,200,-200.0,0.9913397967485794,200,-200.0,0.9913397967485794
879,200,-200.0,0.9913397967485794,200,-200.0,0.9913397967485794,200,-200.0,0.9913397967485794
880,200,-200.0,0.9913397967485794,200,-200.0,0.9913397967485794,200,-200.0,0.9913397967485794
881,200,-200.0,0.9913397967485794,200,-200.0,0.9913397967485794,200,-200.0,0.9913397967485794
882,200,-200.0,0.9913397967485794,200,-200.0,0.9913397967485794,200,-200.0,0.9913397967485794
883,200,-200.0,0.9913397967485794,200,-200.0,0.9913397967485794,200,-200.0,0.9913397967485794
884,200,-200.0,0.9913397967485794,200,-200.0,0.9913397967485794,200,-200.0,0.9913397967485794
885,200,-200.0,0.9913397967485794,200,-200.0,0.9913397967485794,200,-200.0,0.9913397967485794
886,200,-200.0,0.9913397967485794,200,-200.0,0.9913397967485794,200,-200.0,0.9913397967485794
887,200,-200.0,0.9913397967485794,200,-200.0,0.9913397967485794,200,-200.0,0.9913397967485794
888,200,-200.0,0.9913397967485794,200,-200.0,0.9913397967485794,200,-200.0,0.9913397967485794
889,200,-200.0,0.9913397967485794,200,-200.0,0.9913397967485794,200,-200.0,0.9913397967485794
890,200,-200.0,0.9913397967485794,200,-200.0,0.9913397967485794,200,-200.0,0.9913397967485794
891,200,-200.0,0.9913397967485794,200,-200.0,0.9913397967485794,200,-200.0,0.9913397967485794
892,200,-200.0,0.9913397967485794,200,-200.0,0.9913397967485794,200,-200.0,0.9913397967485794
893,200,-200.0,0.9913397967485794,200,-200.0,0.9913397967485794,200,-200.0,0.9913397967485794
894,200,-200.0,0.9913397967485794,200,-200.0,0.9913397967485794,200,-200.0,0.9913397967485794
895,200,-200.0,0.9913397967485794,200,-200.0,0.9913397967485794,200,-200.0,0.9913397967485794
896,200,-200.0,0.9913397967485794,200,-200.0,0.9913397967485794,200,-200.0,0.9913397967485794
897,200,-200.0,0.9913397967485794,200,-200.0,0.9913397967485794,200,-200.0,0.9913397967485794
898,200,-200.0,0.9913397967485794,200,-200.0,0.9913397967485794,200,-200.0,0.9913397967485794
899,200,-200.0,0.9913397967485794,200,-200.0,0.9913397967485794,200,-200.0,0.9913397967485794
900,200,-200.0,0.9913397967485794,200,-200.0,0.9913397967485794,200,-200.0,0.9913397967485794
901,200,-200.0,0.9913397967485794,200,-200.0,0.9913397967485794,200,-200.0,0.9913397967485794
902,200,-200.0,0.9913397967485794,200,-200.0,0.9913397967485794,200,-200.0,0.9913397967485794
903,200,-200.0,0.9913397967485794,200,-200.0,0.9913397967485794,200,-200.0,0.9913397967485794
904,200,-200.0,0.9913397967485794,200,-200.0,0.9913397967485794,200,-200.0,0.9913397967485794
905,200,-200.0,0.9913397967485794,200,-200.0,0.9913397967485794,200,-200.0,0.9913397967485794
906,200,-200.0,0.9913397967485794,200,-200.0,0.9913397967485794,200,-200.0,0.9913397967485794
907,200,-200.0,0.9913397967485794,200,-200.0,0.9913397967485794,200,-200.0,0.9913397967485794
908,200,-200.0,0.9913397967485794,200,-200.0,0.9913397967485794,200,-200.0,0.9913397967485794
909,200,-200.0,0.9913397967485794,200,-200.0,0.9913397967485794,200,-200.0,0.9913397967485794
910,200,-200.0,0.9913397967485794,200,-200.0,0.9913397967485794,200,-200.0,0.9913397967485794
911,200,-200.0,0.9913397967485794,200,-200.0,0.9913397967485794,200,-200.0,0.9913397967485794
912,200,-200.0,0.9913397967485794,200,-200.0,0.9913397967485794,200,-200.0,0.9913397967485794
913,200,-200.0,0.9913397967485794,200,-200.0,0.9913397967485794,200,-200.0,0.9913397967485794
914,200,-200.0,0.9913397967485794,200,-200.0,0.9913397967485794,200,-200.0,0.9913397967485794
915,200,-200.0,0.9913397967485794,200,-200.0,0.9913397967485794,200,-200.0,0.9913397967485794
916,200,-200.0,0.9913397967485794,200,-200.0,0.9913397967485794,200,-200.0,0.9913397967485794
917,200,-200.0,0.9913397967485794,200,-200.0,0.9913397967485794,200,-200.0,0.9913397967485794
918,200,-200.0,0.9913397967485794,200,-200.0,0.9913397967485794,200,-200.0,0.9913397967485794
919,200,-200.0,0.9913397967485794,200,-200.0,0.9913397967485794,200,-200.0,0.9913397967485794
920,200,-200.0,0.9913397967485794,200,-200.0,0.9913397967485794,200,-200.0,0.9913397967485794
921,200,-200.0,0.9913397967485794,200,-200.0,0.9913397967485794,200,-200.0,0.9913397967485794
922,200,-200.0,0.9913397967485794,200,-200.0,0.9913397967485794,200,-200.0,0.9913397967485794
923,200,-200.0,0.9913397967485794,200,-200.0,0.9913397967485794,200,-200.0,0.9913397967485794
924,200,-200.0,0.9913397967485794,200,-200.0,0.9913397967485794,200,-200.0,0.9913397967485794
925,200,-200.0,0.9913397967485794,200,-200.0,0.9913397967485794,200,-200.0,0.9913397967485794
926,200,-200.0,0.9913397967485794,200,-200.0,0.9913397967485794,200,-200.0,0.9913397967485794
927,200,-200.0,0.9913397967485794,200,-200.0,0.9913397967485794,200,-200.0,0.9913397967485794
928,200,-200.0,0.9913397967485794,200,-200.0,0.9913397967485794,200,-200.0,0.9913397967485794
929,200,-200.0,0.9913397967485794,200,-200.0,0.9913397967485794,200,-200.0,0.9913397967485794
930,200,-200.0,0.9913397967485794,200,-200.0,0.9913397967485794,200,-200.0,0.9913397967485794
931,200,-200.0,0.9913397967485794,200,-200.0,0.9913397967485794,200,-200.0,0.9913397967485794
932,200,-200.0,0.9913397967485794,200,-200.0,0.9913397967485794,200,-200.0,0.9913397967485794
933,200,-200.0,0.9913397967485794,200,-200.0,0.9913397967485794,200,-200.0,0.9913397967485794
934,200,-200.0,0.9913397967485794,200,-200.0,0.9913397967485794,200,-200.0,0.9913397967485794
935,200,-200.0,0.9913397967485794,200,-200.0,0.9913397967485794,200,-200.0,0.9913397967485794
936,200,-200.0,0.9913397967485794,200,-200.0,0.9913397967485794,200,-200.0,0.9913397967485794
937,200,-200.0,0.9913397967485794,200,-200.0,0.9913397967485794,200,-200.0,0.9913397967485794
938,200,-200.0,0.9913397967485794,200,-200.0,0.9913397967485794,200,-200.0,0.9913397967485794
939,200,-200.0,0.9913397967485794,200,-200.0,0.9913397967485794,200,-200.0,0.9913397967485794
940,200,-200.0,0.9913397967485794,200,-200.0,0.9913397967485794,200,-200.0,0.9913397967485794
941,200,-200.0,0.9913397967485794,200,-200.0,0.9913397967485794,200,-200.0,0.9913397967485794
942,200,-200.0,0.9913397967485794,200,-200.0,0.9913397967485794,200,-200.0,0.9913397967485794
943,200,-200.0,0.9913397967485794,200,-200.0,0.9913397967485794,200,-200.0,0.9913397967485794
944,200,-200.0,0.9913397967485794,200,-200.0,0.9913397967485794,200,-200.0,0.9913397967485794
945,200,-200.0,0.9913397967485794,200,-200.0,0.9913397967485794,200,-200.0,0.9913397967485794
946,200,-200.0,0.9913397967485794,200,-200.0,0.9913397967485794,200,-200.0,0.9913397967485794
947,200,-200.0,0.9913397967485794,200,-200.0,0.9913397967485794,200,-200.0,0.9913397967485794
948,200,-200.0,0.9913397967485794,200,-200.0,0.9913397967485794,200,-200.0,0.9913397967485794
949,200,-200.0,0.9913397967485794,200,-200.0,0.9913397967485794,200,-200.0,0.9913397967485794
950,200,-200.0,0.9913397967485794,200,-200.0,0.9913397967485794,200,-200.0,0.9913397967485794
951,200,-200.0,0.9913397967485794,200,-200.0,0.9913397967485794,200,-200.0,0.9913397967485794
952,200,-200.0,0.9913397967485794,200,-200.0,0.9913397967485794,200,-200.0,0.9913397967485794
953,200,-200.0,0.9913397967485794,200,-200.0,0.9913397967485794,200,-200.0,0.9913397967485794
954,200,-200.0,0.9913397967485794,200,-200.0,0.9913397967485794,200,-200.0,0.9913397967485794
955,200,-200.0,0.9913397967485794,200,-200.0,0.9913397967485794,200,-200.0,0.9913397967485794
956,200,-200.0,0.9913397967485794,200,-200.0,0.9913397967485794,200,-200.0,0.9913397967485794
957,200,-200.0,0.9913397967485794,200,-200.0,0.9913397967485794,200,-200.0,0.9913397967485794
958,200,-200.0,0.9913397967485794,200,-200.0,0.9913397967485794,200,-200.0,0.9913397967485794
959,200,-200.0,0.9913397967485794,200,-200.0,0.9913397967485794,200,-200.0,0.9913397967485794
960,200,-200.0,0.9913397967485794,200,-200.0,0.9913397967485794,200,-200.0,0.9913397967485794
961,200,-200.0,0.9913397967485794,200,-200.0,0.9913397967485794,200,-200.0,0.9913397967485794
962,200,-200.0,0.9913397967485794,200,-200.0,0.9913397967485794,200,-200.0,0.9913397967485794
963,200,-200.0,0.9913397967485794,200,-200.0,0.9913397967485794,200,-200.0,0.9913397967485794
964,200,-200.0,0.9913397967485794,200,-200.0,0.9913397967485794,200,-200.0,0.9913397967485794
965,200,-200.0,0.9913397967485794,200,-200.0,0.9913397967485794,200,-200.0,0.9913397967485794
966,200,-200.0,0.9913397967485794,200,-200.0,0.9913397967485794,200,-200.0,0.9913397967485794
967,200,-200.0,0.9913397967485794,200,-200.0,0.9913397967485794,200,-200.0,0.9913397967485794
968,200,-200.0,0.9913397967485794,200,-200.0,0.9913397967485794,200,-200.0,0.9913397967485794
969,200,-200.0,0.9913397967485794,200,-200.0,0.9913397967485794,200,-200.0,0.9913397967485794
970,200,-200.0,0.9913397967485794,200,-200.0,0.9913397967485794,200,-200.0,0.9913397967485794
971,200,-200.0,0.9913397967485794,200,-200.0,0.9913397967485794,200,-200.0,0.9913397967485794
972,200,-200.0,0.9913397967485794,200,-200.0,0.9913397967485794,200,-200.0,0.9913397967485794
973,200,-200.0,0.9913397967485794,200,-200.0,0.9913397967485794,200,-200.0,0.9913397967485794
974,200,-200.0,0.9913397967485794,200,-200.0,0.9913397967485794,200,-200.0,0.9913397967485794
975,200,-200.0,0.9913397967485794,200,-200.0,0.9913397967485794,200,-200.0,0.9913397967485794
976,200,-200.0,0.9913397967485794,200,-200.0,0.9913397967485794,200,-200.0,0.9913397967485794
977,200,-200.0,0.9913397967485794,200,-200.0,0.9913397967485794,200,-200.0,0.9913397967485794
978,200,-200.0,0.9913397967485794,200,-200.0,0.9913397967485794,200,-200.0,0.9913397967485794
979,200,-200.0,0.9913397967485794,200,-200.0,0.9913397967485794,200,-200.0,0.9913397967485794
980,200,-200.0,0.9913397967485794,200,-200.0,0.9913397967485794,200,-200.0,0.9913397967485794
981,200,-200.0,0.9913397967485794,200,-200.0,0.9913397967485794,200,-200.0,0.9913397967485794
982,200,-200.0,0.9913397967485794,200,-200.0,0.9913397967485794,200,-200.0,0.9913397967485794
983,200,-200.0,0.9913397967485794,200,-200.0,0.9913397967485794,200,-200.0,0.9913397967485794
984,200,-200.0,0.9913397967485794,200,-200.0,0.9913397967485794,200,-200.0,0.9913397967485794
985,200,-200.0,0.9913397967485794,200,-200.0,0.9913397967485794,200,-200.0,0.9913397967485794
986,200,-200.0,0.9913397967485794,200,-200.0,0.9913397967485794,200,-200.0,0.9913397967485794
987,200,-200.0,0.9913397967485794,200,-200.0,0.9913397967485794,200,-200.0,0.9913397967485794
988,200,-200.0,0.9913397967485794,200,-200.0,0.9913397967485794,200,-200.0,0.9913397967485794
989,200,-200.0,0.9913397967485794,200,-200.0,0.9913397967485794,200,-200.0,0.9913397967485794
990,200,-200.0,0.9913397967485794,200,-200.0,0.9913397967485794,200,-200.0,0.9913397967485794
991,200,-200.0,0.9913397967485794,200,-200.0,0.9913397967485794,200,-200.0,0.9913397967485794
992,200,-200.0,0.9913397967485794,200,-200.0,0.9913397967485794,200,-200.0,0.9913397967485794
993,200,-200.0,0.9913397967485794,200,-200.0,0.9913397967485794,200,-200.0,0.9913397967485794
994,200,-200.0,0.9913397967485794,200,-200.0,0.9913397967485794,200,-200.0,0.9913397967485794
995,200,-200.0,0.9913397967485794,200,-200.0,0.9913397967485794,200,-200.0,0.9913397967485794
996,200,-200.0,0.9913397967485794,200,-200.0,0.9913397967485794,200,-200.0,0.9913397967485794
997,200,-200.0,0.9913397967485794,200,-200.0,0.9913397967485794,200,-200.0,0.9913397967485794
998,200,-200.0,0.9913397967485794,200,-200.0,0.9913397967485794,200,-200.0,0.9913397967485794
999,200,-200.0,0.9913397967485794,200,-200.0,0.9913397967485794,200,-200.0,0.9913397967485794
